種類,ID,名前,地域,Lv,保存するファイル名（assets/sprites/ の下）,推奨サイズ,AIへの指示文
"モンスター","slime_green","ソーダスライム","beach","1","enemies/slime_green.png","1024","2Dアクションゲーム用のモンスターの画像を1枚作ってください。
名前：ソーダスライム（Lv1、夕焼けのビーチに出るぷるぷるのゼリー状スライム（サングラスがトレードマーク））
設定：蛍光ドリンクの空き缶に住む。夜になると勝手に光る。キングゼリーの子分を名乗るが、本人は知らない。
画風：ちびアニメ調、太めの濃い紫(#2A1430)の輪郭線、セル塗り2段＋ツヤのハイライト、大きく表情豊かな目、かわいい・かっこいい
世界観：ネオン×夕焼けの架空のリゾート都市「ヴァイス・ベイ」
色：主色 #5cff9a
条件：全身1体だけ、右向き（真横〜斜め前）、背景は完全な透明（無理なら単色の白）、文字・影・地面・枠は入れない、全年齢向け、既存のゲームやキャラクターに似せない
サイズ：正方形 1024×1024、キャラが画面の8割程度"
"モンスター","crab_sand","サンドクラブ","beach","2","enemies/crab_sand.png","1024","2Dアクションゲーム用のモンスターの画像を1枚作ってください。
名前：サンドクラブ（Lv2、夕焼けのビーチに出るカニ）
設定：観光客のサンダルを盗んでは砂に埋める。宝の地図を描いているという噂。
画風：ちびアニメ調、太めの濃い紫(#2A1430)の輪郭線、セル塗り2段＋ツヤのハイライト、大きく表情豊かな目、かわいい・かっこいい
世界観：ネオン×夕焼けの架空のリゾート都市「ヴァイス・ベイ」
色：主色 #ff8a5c、差し色 #ffe0c0
条件：全身1体だけ、右向き（真横〜斜め前）、背景は完全な透明（無理なら単色の白）、文字・影・地面・枠は入れない、全年齢向け、既存のゲームやキャラクターに似せない
サイズ：正方形 1024×1024、キャラが画面の8割程度"
"モンスター","slime_pink","ストロベリースライム","beach","3","enemies/slime_pink.png","1024","2Dアクションゲーム用のモンスターの画像を1枚作ってください。
名前：ストロベリースライム（Lv3、夕焼けのビーチに出るぷるぷるのゼリー状スライム（サングラスがトレードマーク））
設定：いちごシロップのかき氷を浴びて生まれた。甘い匂いにカモメが群がる。
画風：ちびアニメ調、太めの濃い紫(#2A1430)の輪郭線、セル塗り2段＋ツヤのハイライト、大きく表情豊かな目、かわいい・かっこいい
世界観：ネオン×夕焼けの架空のリゾート都市「ヴァイス・ベイ」
色：主色 #ff6fb5
条件：全身1体だけ、右向き（真横〜斜め前）、背景は完全な透明（無理なら単色の白）、文字・影・地面・枠は入れない、全年齢向け、既存のゲームやキャラクターに似せない
サイズ：正方形 1024×1024、キャラが画面の8割程度"
"モンスター","seagull_beach","ポテト泥棒カモメ","beach","4","enemies/seagull_beach.png","1024","2Dアクションゲーム用のモンスターの画像を1枚作ってください。
名前：ポテト泥棒カモメ（Lv4、夕焼けのビーチに出るカモメ）
設定：ポテトを奪う角度とタイミングを三代かけて研究している。
画風：ちびアニメ調、太めの濃い紫(#2A1430)の輪郭線、セル塗り2段＋ツヤのハイライト、大きく表情豊かな目、かわいい・かっこいい
世界観：ネオン×夕焼けの架空のリゾート都市「ヴァイス・ベイ」
色：主色 #f4f4f4、差し色 #ffb800
条件：全身1体だけ、右向き（真横〜斜め前）、背景は完全な透明（無理なら単色の白）、文字・影・地面・枠は入れない、全年齢向け、既存のゲームやキャラクターに似せない
サイズ：正方形 1024×1024、キャラが画面の8割程度"
"モンスター","mushroom_orange","ビーチマッシュ","beach","5","enemies/mushroom_orange.png","1024","2Dアクションゲーム用のモンスターの画像を1枚作ってください。
名前：ビーチマッシュ（Lv5、夕焼けのビーチに出るパラソルのような傘を持つキノコ）
設定：海の家の床下で育ったキノコ。日焼けしてオレンジ色になった。
画風：ちびアニメ調、太めの濃い紫(#2A1430)の輪郭線、セル塗り2段＋ツヤのハイライト、大きく表情豊かな目、かわいい・かっこいい
世界観：ネオン×夕焼けの架空のリゾート都市「ヴァイス・ベイ」
色：主色 #ff8a00
条件：全身1体だけ、右向き（真横〜斜め前）、背景は完全な透明（無理なら単色の白）、文字・影・地面・枠は入れない、全年齢向け、既存のゲームやキャラクターに似せない
サイズ：正方形 1024×1024、キャラが画面の8割程度"
"モンスター","crab_hermit","ヤドカリ番長","beach","6","enemies/crab_hermit.png","1024","2Dアクションゲーム用のモンスターの画像を1枚作ってください。
名前：ヤドカリ番長（Lv6、夕焼けのビーチに出るカニ）
設定：貝殻の代わりにジュースの缶をかぶる浜の番長。缶の銘柄で序列が決まる。
画風：ちびアニメ調、太めの濃い紫(#2A1430)の輪郭線、セル塗り2段＋ツヤのハイライト、大きく表情豊かな目、かわいい・かっこいい
世界観：ネオン×夕焼けの架空のリゾート都市「ヴァイス・ベイ」
色：主色 #d8283c、差し色 #f0d8a0
条件：全身1体だけ、右向き（真横〜斜め前）、背景は完全な透明（無理なら単色の白）、文字・影・地面・枠は入れない、全年齢向け、既存のゲームやキャラクターに似せない
サイズ：正方形 1024×1024、キャラが画面の8割程度"
"モンスター","jellyfish_pier","ピアクラゲ","beach","7","enemies/jellyfish_pier.png","1024","2Dアクションゲーム用のモンスターの画像を1枚作ってください。
名前：ピアクラゲ（Lv7、夕焼けのビーチに出るクラゲ）
設定：桟橋の灯りに集まるクラゲ。漁師たちは沖の光の「お使い」だと信じている。
画風：ちびアニメ調、太めの濃い紫(#2A1430)の輪郭線、セル塗り2段＋ツヤのハイライト、大きく表情豊かな目、かわいい・かっこいい
世界観：ネオン×夕焼けの架空のリゾート都市「ヴァイス・ベイ」
色：主色 #bff6ff、差し色 #ff6fb5
条件：全身1体だけ、右向き（真横〜斜め前）、背景は完全な透明（無理なら単色の白）、文字・影・地面・枠は入れない、全年齢向け、既存のゲームやキャラクターに似せない
サイズ：正方形 1024×1024、キャラが画面の8割程度"
"モンスター","flamingo","ヤンキーフラミンゴ","beach","7","enemies/flamingo.png","1024","2Dアクションゲーム用のモンスターの画像を1枚作ってください。
名前：ヤンキーフラミンゴ（Lv7、夕焼けのビーチに出るフラミンゴ）
設定：片足立ちで威嚇する暴走族。羽の色はネオンサインに合わせて染めている。
画風：ちびアニメ調、太めの濃い紫(#2A1430)の輪郭線、セル塗り2段＋ツヤのハイライト、大きく表情豊かな目、かわいい・かっこいい
世界観：ネオン×夕焼けの架空のリゾート都市「ヴァイス・ベイ」
色：主色 #ff7fb0
条件：全身1体だけ、右向き（真横〜斜め前）、背景は完全な透明（無理なら単色の白）、文字・影・地面・枠は入れない、全年齢向け、既存のゲームやキャラクターに似せない
サイズ：正方形 1024×1024、キャラが画面の8割程度"
"モンスター","slime_wave","ビッグウェーブスライム","beach","8","enemies/slime_wave.png","1024","2Dアクションゲーム用のモンスターの画像を1枚作ってください。
名前：ビッグウェーブスライム（Lv8、夕焼けのビーチに出るぷるぷるのゼリー状スライム（サングラスがトレードマーク））
設定：ハリケーン・セレーナの高潮で生まれたという巨大スライム。サーファーの天敵。
画風：ちびアニメ調、太めの濃い紫(#2A1430)の輪郭線、セル塗り2段＋ツヤのハイライト、大きく表情豊かな目、かわいい・かっこいい
世界観：ネオン×夕焼けの架空のリゾート都市「ヴァイス・ベイ」
色：主色 #4da6ff、差し色 #ffffff
条件：全身1体だけ、右向き（真横〜斜め前）、背景は完全な透明（無理なら単色の白）、文字・影・地面・枠は入れない、全年齢向け、既存のゲームやキャラクターに似せない
サイズ：正方形 1024×1024、キャラが画面の8割程度"
"モンスター","mushroom_cone","コーンマッシュ","beach","9","enemies/mushroom_cone.png","1024","2Dアクションゲーム用のモンスターの画像を1枚作ってください。
名前：コーンマッシュ（Lv9、夕焼けのビーチに出るパラソルのような傘を持つキノコ）
設定：工事用コーンの中で育ったキノコ。工事が終わる気配がないので安泰。
画風：ちびアニメ調、太めの濃い紫(#2A1430)の輪郭線、セル塗り2段＋ツヤのハイライト、大きく表情豊かな目、かわいい・かっこいい
世界観：ネオン×夕焼けの架空のリゾート都市「ヴァイス・ベイ」
色：主色 #ff5c1f、差し色 #ffffff
条件：全身1体だけ、右向き（真横〜斜め前）、背景は完全な透明（無理なら単色の白）、文字・影・地面・枠は入れない、全年齢向け、既存のゲームやキャラクターに似せない
サイズ：正方形 1024×1024、キャラが画面の8割程度"
"モンスター","seagull_highway","ハイウェイカモメ","beach","10","enemies/seagull_highway.png","1024","2Dアクションゲーム用のモンスターの画像を1枚作ってください。
名前：ハイウェイカモメ（Lv10、夕焼けのビーチに出るカモメ）
設定：ハイウェイの料金所でポテトの通行料を徴収するカモメ。
画風：ちびアニメ調、太めの濃い紫(#2A1430)の輪郭線、セル塗り2段＋ツヤのハイライト、大きく表情豊かな目、かわいい・かっこいい
世界観：ネオン×夕焼けの架空のリゾート都市「ヴァイス・ベイ」
色：主色 #c9ccd6、差し色 #ff3d7f
条件：全身1体だけ、右向き（真横〜斜め前）、背景は完全な透明（無理なら単色の白）、文字・影・地面・枠は入れない、全年齢向け、既存のゲームやキャラクターに似せない
サイズ：正方形 1024×1024、キャラが画面の8割程度"
"モンスター","crab_iron","アイアンクラブ","beach","11","enemies/crab_iron.png","1024","2Dアクションゲーム用のモンスターの画像を1枚作ってください。
名前：アイアンクラブ（Lv11、夕焼けのビーチに出るカニ）
設定：廃車のボンネットを甲羅にしたカニ。ボルトを噛み切るのが特技。
画風：ちびアニメ調、太めの濃い紫(#2A1430)の輪郭線、セル塗り2段＋ツヤのハイライト、大きく表情豊かな目、かわいい・かっこいい
世界観：ネオン×夕焼けの架空のリゾート都市「ヴァイス・ベイ」
色：主色 #7a7f8c、差し色 #ffd23f
条件：全身1体だけ、右向き（真横〜斜め前）、背景は完全な透明（無理なら単色の白）、文字・影・地面・枠は入れない、全年齢向け、既存のゲームやキャラクターに似せない
サイズ：正方形 1024×1024、キャラが画面の8割程度"
"モンスター","rat_alley","ドブネズミ","downtown","11","enemies/rat_alley.png","1024","2Dアクションゲーム用のモンスターの画像を1枚作ってください。
名前：ドブネズミ（Lv11、ネオンのダウンタウンに出るネズミ）
設定：裏通りのゴミ箱の帝王。24時間食堂の閉店時刻を誰よりも知っている。
画風：ちびアニメ調、太めの濃い紫(#2A1430)の輪郭線、セル塗り2段＋ツヤのハイライト、大きく表情豊かな目、かわいい・かっこいい
世界観：ネオン×夕焼けの架空のリゾート都市「ヴァイス・ベイ」
色：主色 #7a6a5a、差し色 #ff8ac8
条件：全身1体だけ、右向き（真横〜斜め前）、背景は完全な透明（無理なら単色の白）、文字・影・地面・枠は入れない、全年齢向け、既存のゲームやキャラクターに似せない
サイズ：正方形 1024×1024、キャラが画面の8割程度"
"モンスター","mushroom_neon","ネオンキノコ","downtown","12","enemies/mushroom_neon.png","1024","2Dアクションゲーム用のモンスターの画像を1枚作ってください。
名前：ネオンキノコ（Lv12、ネオンのダウンタウンに出るパラソルのような傘を持つキノコ）
設定：割れたネオン管の電気を吸って光るキノコ。胞子は少しだけピリピリする。
画風：ちびアニメ調、太めの濃い紫(#2A1430)の輪郭線、セル塗り2段＋ツヤのハイライト、大きく表情豊かな目、かわいい・かっこいい
世界観：ネオン×夕焼けの架空のリゾート都市「ヴァイス・ベイ」
色：主色 #b04dff
条件：全身1体だけ、右向き（真横〜斜め前）、背景は完全な透明（無理なら単色の白）、文字・影・地面・枠は入れない、全年齢向け、既存のゲームやキャラクターに似せない
サイズ：正方形 1024×1024、キャラが画面の8割程度"
"モンスター","drone_peeping","のぞき見ドローン","downtown","13","enemies/drone_peeping.png","1024","2Dアクションゲーム用のモンスターの画像を1枚作ってください。
名前：のぞき見ドローン（Lv13、ネオンのダウンタウンに出る小型ドローン）
設定：NeonGram の「映える」写真を盗撮するドローン。誰が飛ばしているのかは不明。
画風：ちびアニメ調、太めの濃い紫(#2A1430)の輪郭線、セル塗り2段＋ツヤのハイライト、大きく表情豊かな目、かわいい・かっこいい
世界観：ネオン×夕焼けの架空のリゾート都市「ヴァイス・ベイ」
色：主色 #ff8a00、差し色 #19f0ff
条件：全身1体だけ、右向き（真横〜斜め前）、背景は完全な透明（無理なら単色の白）、文字・影・地面・枠は入れない、全年齢向け、既存のゲームやキャラクターに似せない
サイズ：正方形 1024×1024、キャラが画面の8割程度"
"モンスター","rat_subway","メトロラット","downtown","14","enemies/rat_subway.png","1024","2Dアクションゲーム用のモンスターの画像を1枚作ってください。
名前：メトロラット（Lv14、ネオンのダウンタウンに出るネズミ）
設定：地下鉄の振動で踊るネズミ。ラットキングへの「家賃」を毎晩運んでいる。
画風：ちびアニメ調、太めの濃い紫(#2A1430)の輪郭線、セル塗り2段＋ツヤのハイライト、大きく表情豊かな目、かわいい・かっこいい
世界観：ネオン×夕焼けの架空のリゾート都市「ヴァイス・ベイ」
色：主色 #4a4a58、差し色 #ffd23f
条件：全身1体だけ、右向き（真横〜斜め前）、背景は完全な透明（無理なら単色の白）、文字・影・地面・枠は入れない、全年齢向け、既存のゲームやキャラクターに似せない
サイズ：正方形 1024×1024、キャラが画面の8割程度"
"モンスター","mushroom_glow","グロウマッシュ","downtown","16","enemies/mushroom_glow.png","1024","2Dアクションゲーム用のモンスターの画像を1枚作ってください。
名前：グロウマッシュ（Lv16、ネオンのダウンタウンに出るパラソルのような傘を持つキノコ）
設定：地下鉄の換気口で育つ光るキノコ。終電後の駅を照らす非常灯がわり。
画風：ちびアニメ調、太めの濃い紫(#2A1430)の輪郭線、セル塗り2段＋ツヤのハイライト、大きく表情豊かな目、かわいい・かっこいい
世界観：ネオン×夕焼けの架空のリゾート都市「ヴァイス・ベイ」
色：主色 #5cff9a、差し色 #19f0ff
条件：全身1体だけ、右向き（真横〜斜め前）、背景は完全な透明（無理なら単色の白）、文字・影・地面・枠は入れない、全年齢向け、既存のゲームやキャラクターに似せない
サイズ：正方形 1024×1024、キャラが画面の8割程度"
"モンスター","mushroom_park","ピクニックマッシュ","downtown","17","enemies/mushroom_park.png","1024","2Dアクションゲーム用のモンスターの画像を1枚作ってください。
名前：ピクニックマッシュ（Lv17、ネオンのダウンタウンに出るパラソルのような傘を持つキノコ）
設定：公園のピクニックシートに勝手に混ざってくる。サンドイッチ泥棒の常習犯。
画風：ちびアニメ調、太めの濃い紫(#2A1430)の輪郭線、セル塗り2段＋ツヤのハイライト、大きく表情豊かな目、かわいい・かっこいい
世界観：ネオン×夕焼けの架空のリゾート都市「ヴァイス・ベイ」
色：主色 #ff6fb5、差し色 #ffffff
条件：全身1体だけ、右向き（真横〜斜め前）、背景は完全な透明（無理なら単色の白）、文字・影・地面・枠は入れない、全年齢向け、既存のゲームやキャラクターに似せない
サイズ：正方形 1024×1024、キャラが画面の8割程度"
"モンスター","drone_toy","ラジコン・ドローン","downtown","18","enemies/drone_toy.png","1024","2Dアクションゲーム用のモンスターの画像を1枚作ってください。
名前：ラジコン・ドローン（Lv18、ネオンのダウンタウンに出る小型ドローン）
設定：子どもが捨てたラジコンが野生化した。電池が切れるまで暴れる。
画風：ちびアニメ調、太めの濃い紫(#2A1430)の輪郭線、セル塗り2段＋ツヤのハイライト、大きく表情豊かな目、かわいい・かっこいい
世界観：ネオン×夕焼けの架空のリゾート都市「ヴァイス・ベイ」
色：主色 #ffd23f、差し色 #d8283c
条件：全身1体だけ、右向き（真横〜斜め前）、背景は完全な透明（無理なら単色の白）、文字・影・地面・枠は入れない、全年齢向け、既存のゲームやキャラクターに似せない
サイズ：正方形 1024×1024、キャラが画面の8割程度"
"モンスター","drone_traffic","交通監視ドローン","downtown","18","enemies/drone_traffic.png","1024","2Dアクションゲーム用のモンスターの画像を1枚作ってください。
名前：交通監視ドローン（Lv18、ネオンのダウンタウンに出る小型ドローン）
設定：信号無視を撮る交通監視ドローン。撮った映像は誰かに高値で売られている。
画風：ちびアニメ調、太めの濃い紫(#2A1430)の輪郭線、セル塗り2段＋ツヤのハイライト、大きく表情豊かな目、かわいい・かっこいい
世界観：ネオン×夕焼けの架空のリゾート都市「ヴァイス・ベイ」
色：主色 #d8283c、差し色 #f4f4f4
条件：全身1体だけ、右向き（真横〜斜め前）、背景は完全な透明（無理なら単色の白）、文字・影・地面・枠は入れない、全年齢向け、既存のゲームやキャラクターに似せない
サイズ：正方形 1024×1024、キャラが画面の8割程度"
"モンスター","rat_neon","ネオンラット","downtown","21","enemies/rat_neon.png","1024","2Dアクションゲーム用のモンスターの画像を1枚作ってください。
名前：ネオンラット（Lv21、ネオンのダウンタウンに出るネズミ）
設定：看板の配線をかじって発光するようになったネズミ。停電の犯人。
画風：ちびアニメ調、太めの濃い紫(#2A1430)の輪郭線、セル塗り2段＋ツヤのハイライト、大きく表情豊かな目、かわいい・かっこいい
世界観：ネオン×夕焼けの架空のリゾート都市「ヴァイス・ベイ」
色：主色 #ff3dd2、差し色 #19f0ff
条件：全身1体だけ、右向き（真横〜斜め前）、背景は完全な透明（無理なら単色の白）、文字・影・地面・枠は入れない、全年齢向け、既存のゲームやキャラクターに似せない
サイズ：正方形 1024×1024、キャラが画面の8割程度"
"モンスター","slime_toxic","ヘドロスライム","slums","22","enemies/slime_toxic.png","1024","2Dアクションゲーム用のモンスターの画像を1枚作ってください。
名前：ヘドロスライム（Lv22、港のスラムに出るぷるぷるのゼリー状スライム（サングラスがトレードマーク））
設定：港の排水で育ったスライム。セレーナ後の「復興予算」で流された廃液が原因らしい。
画風：ちびアニメ調、太めの濃い紫(#2A1430)の輪郭線、セル塗り2段＋ツヤのハイライト、大きく表情豊かな目、かわいい・かっこいい
世界観：ネオン×夕焼けの架空のリゾート都市「ヴァイス・ベイ」
色：主色 #a6ff00
条件：全身1体だけ、右向き（真横〜斜め前）、背景は完全な透明（無理なら単色の白）、文字・影・地面・枠は入れない、全年齢向け、既存のゲームやキャラクターに似せない
サイズ：正方形 1024×1024、キャラが画面の8割程度"
"モンスター","rat_dock","ドックラット","slums","23","enemies/rat_dock.png","1024","2Dアクションゲーム用のモンスターの画像を1枚作ってください。
名前：ドックラット（Lv23、港のスラムに出るネズミ）
設定：コンテナの隙間に住むネズミ。密輸品の中身を一番よく知っている。
画風：ちびアニメ調、太めの濃い紫(#2A1430)の輪郭線、セル塗り2段＋ツヤのハイライト、大きく表情豊かな目、かわいい・かっこいい
世界観：ネオン×夕焼けの架空のリゾート都市「ヴァイス・ベイ」
色：主色 #5a4a3a、差し色 #a6ff00
条件：全身1体だけ、右向き（真横〜斜め前）、背景は完全な透明（無理なら単色の白）、文字・影・地面・枠は入れない、全年齢向け、既存のゲームやキャラクターに似せない
サイズ：正方形 1024×1024、キャラが画面の8割程度"
"モンスター","flamingo_punk","パンク・フラミンゴ","slums","25","enemies/flamingo_punk.png","1024","2Dアクションゲーム用のモンスターの画像を1枚作ってください。
名前：パンク・フラミンゴ（Lv25、港のスラムに出るフラミンゴ）
設定：倉庫レイブに通い詰めたフラミンゴ。モヒカンは自前の羽。
画風：ちびアニメ調、太めの濃い紫(#2A1430)の輪郭線、セル塗り2段＋ツヤのハイライト、大きく表情豊かな目、かわいい・かっこいい
世界観：ネオン×夕焼けの架空のリゾート都市「ヴァイス・ベイ」
色：主色 #b04dff
条件：全身1体だけ、右向き（真横〜斜め前）、背景は完全な透明（無理なら単色の白）、文字・影・地面・枠は入れない、全年齢向け、既存のゲームやキャラクターに似せない
サイズ：正方形 1024×1024、キャラが画面の8割程度"
"モンスター","slime_oil","オイルスライム","slums","29","enemies/slime_oil.png","1024","2Dアクションゲーム用のモンスターの画像を1枚作ってください。
名前：オイルスライム（Lv29、港のスラムに出るぷるぷるのゼリー状スライム（サングラスがトレードマーク））
設定：造船所の廃油スライム。火気厳禁。
画風：ちびアニメ調、太めの濃い紫(#2A1430)の輪郭線、セル塗り2段＋ツヤのハイライト、大きく表情豊かな目、かわいい・かっこいい
世界観：ネオン×夕焼けの架空のリゾート都市「ヴァイス・ベイ」
色：主色 #2a2a30、差し色 #ff8a00
条件：全身1体だけ、右向き（真横〜斜め前）、背景は完全な透明（無理なら単色の白）、文字・影・地面・枠は入れない、全年齢向け、既存のゲームやキャラクターに似せない
サイズ：正方形 1024×1024、キャラが画面の8割程度"
"モンスター","rat_ship","ふなネズミ","slums","31","enemies/rat_ship.png","1024","2Dアクションゲーム用のモンスターの画像を1枚作ってください。
名前：ふなネズミ（Lv31、港のスラムに出るネズミ）
設定：船から船へ渡り歩く旅のネズミ。世界中の港の噂に詳しい。
画風：ちびアニメ調、太めの濃い紫(#2A1430)の輪郭線、セル塗り2段＋ツヤのハイライト、大きく表情豊かな目、かわいい・かっこいい
世界観：ネオン×夕焼けの架空のリゾート都市「ヴァイス・ベイ」
色：主色 #8a7a52、差し色 #ffffff
条件：全身1体だけ、右向き（真横〜斜め前）、背景は完全な透明（無理なら単色の白）、文字・影・地面・枠は入れない、全年齢向け、既存のゲームやキャラクターに似せない
サイズ：正方形 1024×1024、キャラが画面の8割程度"
"モンスター","crab_rust","サビガニ","slums","32","enemies/crab_rust.png","1024","2Dアクションゲーム用のモンスターの画像を1枚作ってください。
名前：サビガニ（Lv32、港のスラムに出るカニ）
設定：錆びた鉄骨と一体化したカニ。脱皮すると鉄くずが出る。
画風：ちびアニメ調、太めの濃い紫(#2A1430)の輪郭線、セル塗り2段＋ツヤのハイライト、大きく表情豊かな目、かわいい・かっこいい
世界観：ネオン×夕焼けの架空のリゾート都市「ヴァイス・ベイ」
色：主色 #a8502a、差し色 #5a3a22
条件：全身1体だけ、右向き（真横〜斜め前）、背景は完全な透明（無理なら単色の白）、文字・影・地面・枠は入れない、全年齢向け、既存のゲームやキャラクターに似せない
サイズ：正方形 1024×1024、キャラが画面の8割程度"
"モンスター","rat_giant","ジャイアントラット","slums","32","enemies/rat_giant.png","1024","2Dアクションゲーム用のモンスターの画像を1枚作ってください。
名前：ジャイアントラット（Lv32、港のスラムに出るネズミ）
設定：廃線路で巨大化したネズミ。原因は線路脇に捨てられた謎のドラム缶。
画風：ちびアニメ調、太めの濃い紫(#2A1430)の輪郭線、セル塗り2段＋ツヤのハイライト、大きく表情豊かな目、かわいい・かっこいい
世界観：ネオン×夕焼けの架空のリゾート都市「ヴァイス・ベイ」
色：主色 #4a3a2a、差し色 #d8283c
条件：全身1体だけ、右向き（真横〜斜め前）、背景は完全な透明（無理なら単色の白）、文字・影・地面・枠は入れない、全年齢向け、既存のゲームやキャラクターに似せない
サイズ：正方形 1024×1024、キャラが画面の8割程度"
"モンスター","robot_scrap","スクラップロボ","slums","35","enemies/robot_scrap.png","1024","2Dアクションゲーム用のモンスターの画像を1枚作ってください。
名前：スクラップロボ（Lv35、港のスラムに出るロボット）
設定：捨てられた部品が勝手に組み上がったロボ。誰の設計図なのかは不明。
画風：ちびアニメ調、太めの濃い紫(#2A1430)の輪郭線、セル塗り2段＋ツヤのハイライト、大きく表情豊かな目、かわいい・かっこいい
世界観：ネオン×夕焼けの架空のリゾート都市「ヴァイス・ベイ」
色：主色 #a8502a、差し色 #ffd23f
条件：全身1体だけ、右向き（真横〜斜め前）、背景は完全な透明（無理なら単色の白）、文字・影・地面・枠は入れない、全年齢向け、既存のゲームやキャラクターに似せない
サイズ：正方形 1024×1024、キャラが画面の8割程度"
"モンスター","mosquito_swamp","ヌマカ","swamp","23","enemies/mosquito_swamp.png","1024","2Dアクションゲーム用のモンスターの画像を1枚作ってください。
名前：ヌマカ（Lv23、霧のワニ沼に出る巨大な蚊）
設定：グレイズ村の夏の風物詩。蛍と間違えて手を伸ばすと刺される。
画風：ちびアニメ調、太めの濃い紫(#2A1430)の輪郭線、セル塗り2段＋ツヤのハイライト、大きく表情豊かな目、かわいい・かっこいい
世界観：ネオン×夕焼けの架空のリゾート都市「ヴァイス・ベイ」
色：主色 #6a8f2a、差し色 #d8283c
条件：全身1体だけ、右向き（真横〜斜め前）、背景は完全な透明（無理なら単色の白）、文字・影・地面・枠は入れない、全年齢向け、既存のゲームやキャラクターに似せない
サイズ：正方形 1024×1024、キャラが画面の8割程度"
"モンスター","snake_reed","アシヘビ","swamp","25","enemies/snake_reed.png","1024","2Dアクションゲーム用のモンスターの画像を1枚作ってください。
名前：アシヘビ（Lv25、霧のワニ沼に出るヘビ）
設定：葦の中で眠るヘビ。エアボートの音が大嫌い。
画風：ちびアニメ調、太めの濃い紫(#2A1430)の輪郭線、セル塗り2段＋ツヤのハイライト、大きく表情豊かな目、かわいい・かっこいい
世界観：ネオン×夕焼けの架空のリゾート都市「ヴァイス・ベイ」
色：主色 #8fbf3a、差し色 #ffd23f
条件：全身1体だけ、右向き（真横〜斜め前）、背景は完全な透明（無理なら単色の白）、文字・影・地面・枠は入れない、全年齢向け、既存のゲームやキャラクターに似せない
サイズ：正方形 1024×1024、キャラが画面の8割程度"
"モンスター","mushroom_bog","沼地の毒キノコ","swamp","26","enemies/mushroom_bog.png","1024","2Dアクションゲーム用のモンスターの画像を1枚作ってください。
名前：沼地の毒キノコ（Lv26、霧のワニ沼に出るパラソルのような傘を持つキノコ）
設定：沼の毒キノコ。ブーンじいさんはこれで虫除けを作る。
画風：ちびアニメ調、太めの濃い紫(#2A1430)の輪郭線、セル塗り2段＋ツヤのハイライト、大きく表情豊かな目、かわいい・かっこいい
世界観：ネオン×夕焼けの架空のリゾート都市「ヴァイス・ベイ」
色：主色 #6a8f2a
条件：全身1体だけ、右向き（真横〜斜め前）、背景は完全な透明（無理なら単色の白）、文字・影・地面・枠は入れない、全年齢向け、既存のゲームやキャラクターに似せない
サイズ：正方形 1024×1024、キャラが画面の8割程度"
"モンスター","gator_swamp","沼ワニ","swamp","27","enemies/gator_swamp.png","1024","2Dアクションゲーム用のモンスターの画像を1枚作ってください。
名前：沼ワニ（Lv27、霧のワニ沼に出るワニ）
設定：沼の普通のワニ。普通と言ってもトラックくらいは噛み砕く。
画風：ちびアニメ調、太めの濃い紫(#2A1430)の輪郭線、セル塗り2段＋ツヤのハイライト、大きく表情豊かな目、かわいい・かっこいい
世界観：ネオン×夕焼けの架空のリゾート都市「ヴァイス・ベイ」
色：主色 #3f8f3a
条件：全身1体だけ、右向き（真横〜斜め前）、背景は完全な透明（無理なら単色の白）、文字・影・地面・枠は入れない、全年齢向け、既存のゲームやキャラクターに似せない
サイズ：正方形 1024×1024、キャラが画面の8割程度"
"モンスター","snake_mangrove","マングローブ・ボア","swamp","32","enemies/snake_mangrove.png","1024","2Dアクションゲーム用のモンスターの画像を1枚作ってください。
名前：マングローブ・ボア（Lv32、霧のワニ沼に出るヘビ）
設定：マングローブの根に化けるボア。迷った観光客を出口まで案内したという話も。
画風：ちびアニメ調、太めの濃い紫(#2A1430)の輪郭線、セル塗り2段＋ツヤのハイライト、大きく表情豊かな目、かわいい・かっこいい
世界観：ネオン×夕焼けの架空のリゾート都市「ヴァイス・ベイ」
色：主色 #3a5a2a、差し色 #c9a26a
条件：全身1体だけ、右向き（真横〜斜め前）、背景は完全な透明（無理なら単色の白）、文字・影・地面・枠は入れない、全年齢向け、既存のゲームやキャラクターに似せない
サイズ：正方形 1024×1024、キャラが画面の8割程度"
"モンスター","mosquito_giant","オオヌマカ","swamp","33","enemies/mosquito_giant.png","1024","2Dアクションゲーム用のモンスターの画像を1枚作ってください。
名前：オオヌマカ（Lv33、霧のワニ沼に出る巨大な蚊）
設定：密輸船の積み荷から逃げ出したという外来種。羽音は小型ドローン並み。
画風：ちびアニメ調、太めの濃い紫(#2A1430)の輪郭線、セル塗り2段＋ツヤのハイライト、大きく表情豊かな目、かわいい・かっこいい
世界観：ネオン×夕焼けの架空のリゾート都市「ヴァイス・ベイ」
色：主色 #4a6a2a、差し色 #ff3d3d
条件：全身1体だけ、右向き（真横〜斜め前）、背景は完全な透明（無理なら単色の白）、文字・影・地面・枠は入れない、全年齢向け、既存のゲームやキャラクターに似せない
サイズ：正方形 1024×1024、キャラが画面の8割程度"
"モンスター","mushroom_spore","ガスマッシュ","swamp","35","enemies/mushroom_spore.png","1024","2Dアクションゲーム用のモンスターの画像を1枚作ってください。
名前：ガスマッシュ（Lv35、霧のワニ沼に出るパラソルのような傘を持つキノコ）
設定：胞子ガスで旅人を眠らせるキノコ。夢の中ではいつもワニ祭り。
画風：ちびアニメ調、太めの濃い紫(#2A1430)の輪郭線、セル塗り2段＋ツヤのハイライト、大きく表情豊かな目、かわいい・かっこいい
世界観：ネオン×夕焼けの架空のリゾート都市「ヴァイス・ベイ」
色：主色 #9a6aff、差し色 #a6ff00
条件：全身1体だけ、右向き（真横〜斜め前）、背景は完全な透明（無理なら単色の白）、文字・影・地面・枠は入れない、全年齢向け、既存のゲームやキャラクターに似せない
サイズ：正方形 1024×1024、キャラが画面の8割程度"
"モンスター","gator_albino","アルビノゲイター","swamp","38","enemies/gator_albino.png","1024","2Dアクションゲーム用のモンスターの画像を1枚作ってください。
名前：アルビノゲイター（Lv38、霧のワニ沼に出るワニ）
設定：真っ白なワニ。村では見たら一年いいことがあると言われる。ブーンは信じていない。
画風：ちびアニメ調、太めの濃い紫(#2A1430)の輪郭線、セル塗り2段＋ツヤのハイライト、大きく表情豊かな目、かわいい・かっこいい
世界観：ネオン×夕焼けの架空のリゾート都市「ヴァイス・ベイ」
色：主色 #f0f0e8
条件：全身1体だけ、右向き（真横〜斜め前）、背景は完全な透明（無理なら単色の白）、文字・影・地面・枠は入れない、全年齢向け、既存のゲームやキャラクターに似せない
サイズ：正方形 1024×1024、キャラが画面の8割程度"
"モンスター","snake_king","ヌシヘビ","swamp","40","enemies/snake_king.png","1024","2Dアクションゲーム用のモンスターの画像を1枚作ってください。
名前：ヌシヘビ（Lv40、霧のワニ沼に出るヘビ）
設定：沼のヘビたちの長老。グランパ・ゲイターとは古い友人らしい。
画風：ちびアニメ調、太めの濃い紫(#2A1430)の輪郭線、セル塗り2段＋ツヤのハイライト、大きく表情豊かな目、かわいい・かっこいい
世界観：ネオン×夕焼けの架空のリゾート都市「ヴァイス・ベイ」
色：主色 #ffd23f、差し色 #16161e
条件：全身1体だけ、右向き（真横〜斜め前）、背景は完全な透明（無理なら単色の白）、文字・影・地面・枠は入れない、全年齢向け、既存のゲームやキャラクターに似せない
サイズ：正方形 1024×1024、キャラが画面の8割程度"
"モンスター","mosquito_queen","ヌマカの女王","swamp","42","enemies/mosquito_queen.png","1024","2Dアクションゲーム用のモンスターの画像を1枚作ってください。
名前：ヌマカの女王（Lv42、霧のワニ沼に出る巨大な蚊）
設定：ヌマカの群れを統べる女王。羽音で歌うと村じゅうの電球がちらつく。
画風：ちびアニメ調、太めの濃い紫(#2A1430)の輪郭線、セル塗り2段＋ツヤのハイライト、大きく表情豊かな目、かわいい・かっこいい
世界観：ネオン×夕焼けの架空のリゾート都市「ヴァイス・ベイ」
色：主色 #b04dff、差し色 #ff3d3d
条件：全身1体だけ、右向き（真横〜斜め前）、背景は完全な透明（無理なら単色の白）、文字・影・地面・枠は入れない、全年齢向け、既存のゲームやキャラクターに似せない
サイズ：正方形 1024×1024、キャラが画面の8割程度"
"モンスター","snake_fog","キリヘビ","swamp","39","enemies/snake_fog.png","1024","2Dアクションゲーム用のモンスターの画像を1枚作ってください。
名前：キリヘビ（Lv39、霧のワニ沼に出るヘビ）
設定：霧の水路にだけ現れるヘビ。霧が晴れると跡形もない。
画風：ちびアニメ調、太めの濃い紫(#2A1430)の輪郭線、セル塗り2段＋ツヤのハイライト、大きく表情豊かな目、かわいい・かっこいい
世界観：ネオン×夕焼けの架空のリゾート都市「ヴァイス・ベイ」
色：主色 #c9ccd6、差し色 #19d3a0
条件：全身1体だけ、右向き（真横〜斜め前）、背景は完全な透明（無理なら単色の白）、文字・影・地面・枠は入れない、全年齢向け、既存のゲームやキャラクターに似せない
サイズ：正方形 1024×1024、キャラが画面の8割程度"
"モンスター","mushroom_fog","キリタケ","swamp","41","enemies/mushroom_fog.png","1024","2Dアクションゲーム用のモンスターの画像を1枚作ってください。
名前：キリタケ（Lv41、霧のワニ沼に出るパラソルのような傘を持つキノコ）
設定：霧を吸って育つキノコ。食べると一晩だけ空を飛ぶ夢を見る。
画風：ちびアニメ調、太めの濃い紫(#2A1430)の輪郭線、セル塗り2段＋ツヤのハイライト、大きく表情豊かな目、かわいい・かっこいい
世界観：ネオン×夕焼けの架空のリゾート都市「ヴァイス・ベイ」
色：主色 #bff6ff、差し色 #7a7f8c
条件：全身1体だけ、右向き（真横〜斜め前）、背景は完全な透明（無理なら単色の白）、文字・影・地面・枠は入れない、全年齢向け、既存のゲームやキャラクターに似せない
サイズ：正方形 1024×1024、キャラが画面の8割程度"
"モンスター","gator_fog","ミスト・ゲイター","swamp","43","enemies/gator_fog.png","1024","2Dアクションゲーム用のモンスターの画像を1枚作ってください。
名前：ミスト・ゲイター（Lv43、霧のワニ沼に出るワニ）
設定：霧に紛れて密輸船の航路を見張るワニ。ただ縄張りを守っているだけ。
画風：ちびアニメ調、太めの濃い紫(#2A1430)の輪郭線、セル塗り2段＋ツヤのハイライト、大きく表情豊かな目、かわいい・かっこいい
世界観：ネオン×夕焼けの架空のリゾート都市「ヴァイス・ベイ」
色：主色 #7a9a8a、差し色 #ffffff
条件：全身1体だけ、右向き（真横〜斜め前）、背景は完全な透明（無理なら単色の白）、文字・影・地面・枠は入れない、全年齢向け、既存のゲームやキャラクターに似せない
サイズ：正方形 1024×1024、キャラが画面の8割程度"
"モンスター","snake_rattle","ガラガラヘビ","casino","43","enemies/snake_rattle.png","1024","2Dアクションゲーム用のモンスターの画像を1枚作ってください。
名前：ガラガラヘビ（Lv43、金と紫のカジノ街に出るヘビ）
設定：砂漠ハイウェイの番人。尻尾の音はスロットの当たり音にそっくり。
画風：ちびアニメ調、太めの濃い紫(#2A1430)の輪郭線、セル塗り2段＋ツヤのハイライト、大きく表情豊かな目、かわいい・かっこいい
世界観：ネオン×夕焼けの架空のリゾート都市「ヴァイス・ベイ」
色：主色 #c9a26a、差し色 #5a3a22
条件：全身1体だけ、右向き（真横〜斜め前）、背景は完全な透明（無理なら単色の白）、文字・影・地面・枠は入れない、全年齢向け、既存のゲームやキャラクターに似せない
サイズ：正方形 1024×1024、キャラが画面の8割程度"
"モンスター","robot_slot","スロットロボ","casino","45","enemies/robot_slot.png","1024","2Dアクションゲーム用のモンスターの画像を1枚作ってください。
名前：スロットロボ（Lv45、金と紫のカジノ街に出るロボット）
設定：歩くスロットマシン。殴るとたまにコインが出るので客が絶えない。
画風：ちびアニメ調、太めの濃い紫(#2A1430)の輪郭線、セル塗り2段＋ツヤのハイライト、大きく表情豊かな目、かわいい・かっこいい
世界観：ネオン×夕焼けの架空のリゾート都市「ヴァイス・ベイ」
色：主色 #d8283c、差し色 #ffd23f
条件：全身1体だけ、右向き（真横〜斜め前）、背景は完全な透明（無理なら単色の白）、文字・影・地面・枠は入れない、全年齢向け、既存のゲームやキャラクターに似せない
サイズ：正方形 1024×1024、キャラが画面の8割程度"
"モンスター","slime_gold","ゴールドスライム","casino","50","enemies/slime_gold.png","1024","2Dアクションゲーム用のモンスターの画像を1枚作ってください。
名前：ゴールドスライム（Lv50、金と紫のカジノ街に出るぷるぷるのゼリー状スライム（サングラスがトレードマーク））
設定：金庫の金貨を飲み込んだスライム。体重の9割が金。
画風：ちびアニメ調、太めの濃い紫(#2A1430)の輪郭線、セル塗り2段＋ツヤのハイライト、大きく表情豊かな目、かわいい・かっこいい
世界観：ネオン×夕焼けの架空のリゾート都市「ヴァイス・ベイ」
色：主色 #ffd23f
条件：全身1体だけ、右向き（真横〜斜め前）、背景は完全な透明（無理なら単色の白）、文字・影・地面・枠は入れない、全年齢向け、既存のゲームやキャラクターに似せない
サイズ：正方形 1024×1024、キャラが画面の8割程度"
"モンスター","ghost_chip","チップの亡霊","casino","51","enemies/ghost_chip.png","1024","2Dアクションゲーム用のモンスターの画像を1枚作ってください。
名前：チップの亡霊（Lv51、金と紫のカジノ街に出るカジノチップの亡霊）
設定：カジノで全財産を溶かした客の亡霊。チップを数えるのをやめられない。
画風：ちびアニメ調、太めの濃い紫(#2A1430)の輪郭線、セル塗り2段＋ツヤのハイライト、大きく表情豊かな目、かわいい・かっこいい
世界観：ネオン×夕焼けの架空のリゾート都市「ヴァイス・ベイ」
色：主色 #e8f0ff、差し色 #ff3d7f
条件：全身1体だけ、右向き（真横〜斜め前）、背景は完全な透明（無理なら単色の白）、文字・影・地面・枠は入れない、全年齢向け、既存のゲームやキャラクターに似せない
サイズ：正方形 1024×1024、キャラが画面の8割程度"
"モンスター","drone_casino","セキュリティドローン","casino","53","enemies/drone_casino.png","1024","2Dアクションゲーム用のモンスターの画像を1枚作ってください。
名前：セキュリティドローン（Lv53、金と紫のカジノ街に出る小型ドローン）
設定：カジノの警備ドローン。メカ・ハイローラーの「目」の一つ。
画風：ちびアニメ調、太めの濃い紫(#2A1430)の輪郭線、セル塗り2段＋ツヤのハイライト、大きく表情豊かな目、かわいい・かっこいい
世界観：ネオン×夕焼けの架空のリゾート都市「ヴァイス・ベイ」
色：主色 #ff3dd2
条件：全身1体だけ、右向き（真横〜斜め前）、背景は完全な透明（無理なら単色の白）、文字・影・地面・枠は入れない、全年齢向け、既存のゲームやキャラクターに似せない
サイズ：正方形 1024×1024、キャラが画面の8割程度"
"モンスター","ghost_neon","ネオンゴースト","casino","53","enemies/ghost_neon.png","1024","2Dアクションゲーム用のモンスターの画像を1枚作ってください。
名前：ネオンゴースト（Lv53、金と紫のカジノ街に出るカジノチップの亡霊）
設定：ネオンサインに取り憑いた亡霊。看板の文字を一つずつ消して遊ぶ。
画風：ちびアニメ調、太めの濃い紫(#2A1430)の輪郭線、セル塗り2段＋ツヤのハイライト、大きく表情豊かな目、かわいい・かっこいい
世界観：ネオン×夕焼けの架空のリゾート都市「ヴァイス・ベイ」
色：主色 #19f0ff、差し色 #ff3dd2
条件：全身1体だけ、右向き（真横〜斜め前）、背景は完全な透明（無理なら単色の白）、文字・影・地面・枠は入れない、全年齢向け、既存のゲームやキャラクターに似せない
サイズ：正方形 1024×1024、キャラが画面の8割程度"
"モンスター","slime_diamond","ダイヤスライム","casino","55","enemies/slime_diamond.png","1024","2Dアクションゲーム用のモンスターの画像を1枚作ってください。
名前：ダイヤスライム（Lv55、金と紫のカジノ街に出るぷるぷるのゼリー状スライム（サングラスがトレードマーク））
設定：ダイヤを抱え込んだスライム。両替所のヴィヴィが密かに狙っている。
画風：ちびアニメ調、太めの濃い紫(#2A1430)の輪郭線、セル塗り2段＋ツヤのハイライト、大きく表情豊かな目、かわいい・かっこいい
世界観：ネオン×夕焼けの架空のリゾート都市「ヴァイス・ベイ」
色：主色 #bff6ff、差し色 #ffffff
条件：全身1体だけ、右向き（真横〜斜め前）、背景は完全な透明（無理なら単色の白）、文字・影・地面・枠は入れない、全年齢向け、既存のゲームやキャラクターに似せない
サイズ：正方形 1024×1024、キャラが画面の8割程度"
"モンスター","robot_valet","バレー・ロボ","casino","56","enemies/robot_valet.png","1024","2Dアクションゲーム用のモンスターの画像を1枚作ってください。
名前：バレー・ロボ（Lv56、金と紫のカジノ街に出るロボット）
設定：駐車係ロボ。預かった車を勝手に乗り回すクセがある。
画風：ちびアニメ調、太めの濃い紫(#2A1430)の輪郭線、セル塗り2段＋ツヤのハイライト、大きく表情豊かな目、かわいい・かっこいい
世界観：ネオン×夕焼けの架空のリゾート都市「ヴァイス・ベイ」
色：主色 #15151b、差し色 #ffd23f
条件：全身1体だけ、右向き（真横〜斜め前）、背景は完全な透明（無理なら単色の白）、文字・影・地面・枠は入れない、全年齢向け、既存のゲームやキャラクターに似せない
サイズ：正方形 1024×1024、キャラが画面の8割程度"
"モンスター","ghost_jackpot","ジャックポット・ゴースト","casino","57","enemies/ghost_jackpot.png","1024","2Dアクションゲーム用のモンスターの画像を1枚作ってください。
名前：ジャックポット・ゴースト（Lv57、金と紫のカジノ街に出るカジノチップの亡霊）
設定：大当たりの瞬間に死んだギャンブラー。永遠にジャックポットを叫び続ける。
画風：ちびアニメ調、太めの濃い紫(#2A1430)の輪郭線、セル塗り2段＋ツヤのハイライト、大きく表情豊かな目、かわいい・かっこいい
世界観：ネオン×夕焼けの架空のリゾート都市「ヴァイス・ベイ」
色：主色 #ffd23f、差し色 #ff3d7f
条件：全身1体だけ、右向き（真横〜斜め前）、背景は完全な透明（無理なら単色の白）、文字・影・地面・枠は入れない、全年齢向け、既存のゲームやキャラクターに似せない
サイズ：正方形 1024×1024、キャラが画面の8割程度"
"モンスター","robot_dealer","ディーラーロボ","casino","58","enemies/robot_dealer.png","1024","2Dアクションゲーム用のモンスターの画像を1枚作ってください。
名前：ディーラーロボ（Lv58、金と紫のカジノ街に出るロボット）
設定：「賭けに勝つ確率」を常に計算するディーラーロボ。負けると怒る。
画風：ちびアニメ調、太めの濃い紫(#2A1430)の輪郭線、セル塗り2段＋ツヤのハイライト、大きく表情豊かな目、かわいい・かっこいい
世界観：ネオン×夕焼けの架空のリゾート都市「ヴァイス・ベイ」
色：主色 #1fae5b、差し色 #ffd23f
条件：全身1体だけ、右向き（真横〜斜め前）、背景は完全な透明（無理なら単色の白）、文字・影・地面・枠は入れない、全年齢向け、既存のゲームやキャラクターに似せない
サイズ：正方形 1024×1024、キャラが画面の8割程度"
"モンスター","robot_worker","建設ロボ","rooftop","59","enemies/robot_worker.png","1024","2Dアクションゲーム用のモンスターの画像を1枚作ってください。
名前：建設ロボ（Lv59、摩天楼の屋上に出るロボット）
設定：ヴァイス・タワー建設のための作業ロボ。完成した今も工事をやめない。
画風：ちびアニメ調、太めの濃い紫(#2A1430)の輪郭線、セル塗り2段＋ツヤのハイライト、大きく表情豊かな目、かわいい・かっこいい
世界観：ネオン×夕焼けの架空のリゾート都市「ヴァイス・ベイ」
色：主色 #ffb800、差し色 #16161e
条件：全身1体だけ、右向き（真横〜斜め前）、背景は完全な透明（無理なら単色の白）、文字・影・地面・枠は入れない、全年齢向け、既存のゲームやキャラクターに似せない
サイズ：正方形 1024×1024、キャラが画面の8割程度"
"モンスター","golem_steel","スチールゴーレム","rooftop","61","enemies/golem_steel.png","1024","2Dアクションゲーム用のモンスターの画像を1枚作ってください。
名前：スチールゴーレム（Lv61、摩天楼の屋上に出るゴーレム）
設定：余った鉄骨が組み上がったゴーレム。夜風が吹くと低く唸る。
画風：ちびアニメ調、太めの濃い紫(#2A1430)の輪郭線、セル塗り2段＋ツヤのハイライト、大きく表情豊かな目、かわいい・かっこいい
世界観：ネオン×夕焼けの架空のリゾート都市「ヴァイス・ベイ」
色：主色 #7a7f8c、差し色 #ff8a00
条件：全身1体だけ、右向き（真横〜斜め前）、背景は完全な透明（無理なら単色の白）、文字・影・地面・枠は入れない、全年齢向け、既存のゲームやキャラクターに似せない
サイズ：正方形 1024×1024、キャラが画面の8割程度"
"モンスター","drone_attack","アサルトドローン","rooftop","63","enemies/drone_attack.png","1024","2Dアクションゲーム用のモンスターの画像を1枚作ってください。
名前：アサルトドローン（Lv63、摩天楼の屋上に出る小型ドローン）
設定：ドンのアサルトドローン。ノヴァのハッキングで時々踊りだす。
画風：ちびアニメ調、太めの濃い紫(#2A1430)の輪郭線、セル塗り2段＋ツヤのハイライト、大きく表情豊かな目、かわいい・かっこいい
世界観：ネオン×夕焼けの架空のリゾート都市「ヴァイス・ベイ」
色：主色 #ff3d3d
条件：全身1体だけ、右向き（真横〜斜め前）、背景は完全な透明（無理なら単色の白）、文字・影・地面・枠は入れない、全年齢向け、既存のゲームやキャラクターに似せない
サイズ：正方形 1024×1024、キャラが画面の8割程度"
"モンスター","mushroom_mutant","ミュータント・マッシュ","rooftop","65","enemies/mushroom_mutant.png","1024","2Dアクションゲーム用のモンスターの画像を1枚作ってください。
名前：ミュータント・マッシュ（Lv65、摩天楼の屋上に出るパラソルのような傘を持つキノコ）
設定：空中庭園の肥料で突然変異したキノコ。セレブの庭師も手を焼く。
画風：ちびアニメ調、太めの濃い紫(#2A1430)の輪郭線、セル塗り2段＋ツヤのハイライト、大きく表情豊かな目、かわいい・かっこいい
世界観：ネオン×夕焼けの架空のリゾート都市「ヴァイス・ベイ」
色：主色 #ff3d7f
条件：全身1体だけ、右向き（真横〜斜め前）、背景は完全な透明（無理なら単色の白）、文字・影・地面・枠は入れない、全年齢向け、既存のゲームやキャラクターに似せない
サイズ：正方形 1024×1024、キャラが画面の8割程度"
"モンスター","golem_garden","ガーデンゴーレム","rooftop","66","enemies/golem_garden.png","1024","2Dアクションゲーム用のモンスターの画像を1枚作ってください。
名前：ガーデンゴーレム（Lv66、摩天楼の屋上に出るゴーレム）
設定：庭園の彫刻が動き出したもの。剪定ばさみを持つと大人しくなる。
画風：ちびアニメ調、太めの濃い紫(#2A1430)の輪郭線、セル塗り2段＋ツヤのハイライト、大きく表情豊かな目、かわいい・かっこいい
世界観：ネオン×夕焼けの架空のリゾート都市「ヴァイス・ベイ」
色：主色 #3f8f3a、差し色 #ff6fb5
条件：全身1体だけ、右向き（真横〜斜め前）、背景は完全な透明（無理なら単色の白）、文字・影・地面・枠は入れない、全年齢向け、既存のゲームやキャラクターに似せない
サイズ：正方形 1024×1024、キャラが画面の8割程度"
"モンスター","golem_gold","ゴールドゴーレム","rooftop","73","enemies/golem_gold.png","1024","2Dアクションゲーム用のモンスターの画像を1枚作ってください。
名前：ゴールドゴーレム（Lv73、摩天楼の屋上に出るゴーレム）
設定：ペントハウスの金塊で作られたゴーレム。歩くたびに資産価値が下がる。
画風：ちびアニメ調、太めの濃い紫(#2A1430)の輪郭線、セル塗り2段＋ツヤのハイライト、大きく表情豊かな目、かわいい・かっこいい
世界観：ネオン×夕焼けの架空のリゾート都市「ヴァイス・ベイ」
色：主色 #ffd23f、差し色 #ff3d7f
条件：全身1体だけ、右向き（真横〜斜め前）、背景は完全な透明（無理なら単色の白）、文字・影・地面・枠は入れない、全年齢向け、既存のゲームやキャラクターに似せない
サイズ：正方形 1024×1024、キャラが画面の8割程度"
"モンスター","drone_guardian","ガーディアンドローン","rooftop","74","enemies/drone_guardian.png","1024","2Dアクションゲーム用のモンスターの画像を1枚作ってください。
名前：ガーディアンドローン（Lv74、摩天楼の屋上に出る小型ドローン）
設定：ペントハウス最後の守り。元は軍の払い下げ品。
画風：ちびアニメ調、太めの濃い紫(#2A1430)の輪郭線、セル塗り2段＋ツヤのハイライト、大きく表情豊かな目、かわいい・かっこいい
世界観：ネオン×夕焼けの架空のリゾート都市「ヴァイス・ベイ」
色：主色 #ffd23f、差し色 #16161e
条件：全身1体だけ、右向き（真横〜斜め前）、背景は完全な透明（無理なら単色の白）、文字・影・地面・枠は入れない、全年齢向け、既存のゲームやキャラクターに似せない
サイズ：正方形 1024×1024、キャラが画面の8割程度"
"モンスター","robot_patrol","パトロールボット","spaceport","37","enemies/robot_patrol.png","1024","2Dアクションゲーム用のモンスターの画像を1枚作ってください。
名前：パトロールボット（Lv37、宇宙港に出るロボット）
設定：宇宙港の巡回ボット。観光客の記念撮影に律儀に付き合う。
画風：ちびアニメ調、太めの濃い紫(#2A1430)の輪郭線、セル塗り2段＋ツヤのハイライト、大きく表情豊かな目、かわいい・かっこいい
世界観：ネオン×夕焼けの架空のリゾート都市「ヴァイス・ベイ」
色：主色 #e8eef8、差し色 #19f0ff
条件：全身1体だけ、右向き（真横〜斜め前）、背景は完全な透明（無理なら単色の白）、文字・影・地面・枠は入れない、全年齢向け、既存のゲームやキャラクターに似せない
サイズ：正方形 1024×1024、キャラが画面の8割程度"
"モンスター","jelly_coast","コーストクラゲ","spaceport","38","enemies/jelly_coast.png","1024","2Dアクションゲーム用のモンスターの画像を1枚作ってください。
名前：コーストクラゲ（Lv38、宇宙港に出るクラゲ）
設定：ロケットの排熱で温まった海に集まるクラゲ。打ち上げの日は大量発生する。
画風：ちびアニメ調、太めの濃い紫(#2A1430)の輪郭線、セル塗り2段＋ツヤのハイライト、大きく表情豊かな目、かわいい・かっこいい
世界観：ネオン×夕焼けの架空のリゾート都市「ヴァイス・ベイ」
色：主色 #7a3dff、差し色 #19f0ff
条件：全身1体だけ、右向き（真横〜斜め前）、背景は完全な透明（無理なら単色の白）、文字・影・地面・枠は入れない、全年齢向け、既存のゲームやキャラクターに似せない
サイズ：正方形 1024×1024、キャラが画面の8割程度"
"モンスター","seagull_jet","ジェットカモメ","spaceport","40","enemies/seagull_jet.png","1024","2Dアクションゲーム用のモンスターの画像を1枚作ってください。
名前：ジェットカモメ（Lv40、宇宙港に出るカモメ）
設定：ロケット燃料のにおいを覚えたカモメ。マッハでポテトを奪う。
画風：ちびアニメ調、太めの濃い紫(#2A1430)の輪郭線、セル塗り2段＋ツヤのハイライト、大きく表情豊かな目、かわいい・かっこいい
世界観：ネオン×夕焼けの架空のリゾート都市「ヴァイス・ベイ」
色：主色 #f4f4f4、差し色 #ff8a00
条件：全身1体だけ、右向き（真横〜斜め前）、背景は完全な透明（無理なら単色の白）、文字・影・地面・枠は入れない、全年齢向け、既存のゲームやキャラクターに似せない
サイズ：正方形 1024×1024、キャラが画面の8割程度"
"モンスター","robot_loader","搬入ロボ","spaceport","44","enemies/robot_loader.png","1024","2Dアクションゲーム用のモンスターの画像を1枚作ってください。
名前：搬入ロボ（Lv44、宇宙港に出るロボット）
設定：搬入ロボ。ルミナ・アストロダイン社の極秘コンテナも運んでいる。
画風：ちびアニメ調、太めの濃い紫(#2A1430)の輪郭線、セル塗り2段＋ツヤのハイライト、大きく表情豊かな目、かわいい・かっこいい
世界観：ネオン×夕焼けの架空のリゾート都市「ヴァイス・ベイ」
色：主色 #ff8a00、差し色 #16161e
条件：全身1体だけ、右向き（真横〜斜め前）、背景は完全な透明（無理なら単色の白）、文字・影・地面・枠は入れない、全年齢向け、既存のゲームやキャラクターに似せない
サイズ：正方形 1024×1024、キャラが画面の8割程度"
"モンスター","drone_launch","発射管制ドローン","spaceport","46","enemies/drone_launch.png","1024","2Dアクションゲーム用のモンスターの画像を1枚作ってください。
名前：発射管制ドローン（Lv46、宇宙港に出る小型ドローン）
設定：発射管制ドローン。カウントダウンを数え間違えると怒られる。
画風：ちびアニメ調、太めの濃い紫(#2A1430)の輪郭線、セル塗り2段＋ツヤのハイライト、大きく表情豊かな目、かわいい・かっこいい
世界観：ネオン×夕焼けの架空のリゾート都市「ヴァイス・ベイ」
色：主色 #e8eef8、差し色 #d8283c
条件：全身1体だけ、右向き（真横〜斜め前）、背景は完全な透明（無理なら単色の白）、文字・影・地面・枠は入れない、全年齢向け、既存のゲームやキャラクターに似せない
サイズ：正方形 1024×1024、キャラが画面の8割程度"
"モンスター","slime_fuel","ロケット燃料スライム","spaceport","47","enemies/slime_fuel.png","1024","2Dアクションゲーム用のモンスターの画像を1枚作ってください。
名前：ロケット燃料スライム（Lv47、宇宙港に出るぷるぷるのゼリー状スライム（サングラスがトレードマーク））
設定：ロケット燃料が漏れて生まれたスライム。くしゃみをすると飛んでいく。
画風：ちびアニメ調、太めの濃い紫(#2A1430)の輪郭線、セル塗り2段＋ツヤのハイライト、大きく表情豊かな目、かわいい・かっこいい
世界観：ネオン×夕焼けの架空のリゾート都市「ヴァイス・ベイ」
色：主色 #ff3d3d、差し色 #ffd23f
条件：全身1体だけ、右向き（真横〜斜め前）、背景は完全な透明（無理なら単色の白）、文字・影・地面・枠は入れない、全年齢向け、既存のゲームやキャラクターに似せない
サイズ：正方形 1024×1024、キャラが画面の8割程度"
"モンスター","alien_grey","グレイ","spaceport","49","enemies/alien_grey.png","1024","2Dアクションゲーム用のモンスターの画像を1枚作ってください。
名前：グレイ（Lv49、宇宙港に出るエイリアン）
設定：灰色の偵察体「グレイ」。地球の“ネオン”を測定しているらしい。
画風：ちびアニメ調、太めの濃い紫(#2A1430)の輪郭線、セル塗り2段＋ツヤのハイライト、大きく表情豊かな目、かわいい・かっこいい
世界観：ネオン×夕焼けの架空のリゾート都市「ヴァイス・ベイ」
色：主色 #c9ccd6、差し色 #16161e
条件：全身1体だけ、右向き（真横〜斜め前）、背景は完全な透明（無理なら単色の白）、文字・影・地面・枠は入れない、全年齢向け、既存のゲームやキャラクターに似せない
サイズ：正方形 1024×1024、キャラが画面の8割程度"
"モンスター","alien_moon","ムーン・エイリアン","spaceport","77","enemies/alien_moon.png","1024","2Dアクションゲーム用のモンスターの画像を1枚作ってください。
名前：ムーン・エイリアン（Lv77、宇宙港に出るエイリアン）
設定：月面シミュ区画に紛れ込んだ本物の宇宙人。誰も気づいていない。
画風：ちびアニメ調、太めの濃い紫(#2A1430)の輪郭線、セル塗り2段＋ツヤのハイライト、大きく表情豊かな目、かわいい・かっこいい
世界観：ネオン×夕焼けの架空のリゾート都市「ヴァイス・ベイ」
色：主色 #5cff9a、差し色 #7a3dff
条件：全身1体だけ、右向き（真横〜斜め前）、背景は完全な透明（無理なら単色の白）、文字・影・地面・枠は入れない、全年齢向け、既存のゲームやキャラクターに似せない
サイズ：正方形 1024×1024、キャラが画面の8割程度"
"モンスター","jelly_cosmic","コズミッククラゲ","spaceport","79","enemies/jelly_cosmic.png","1024","2Dアクションゲーム用のモンスターの画像を1枚作ってください。
名前：コズミッククラゲ（Lv79、宇宙港に出るクラゲ）
設定：宇宙を泳ぐクラゲ。漁師の言う「沖の光」の正体の一つ。
画風：ちびアニメ調、太めの濃い紫(#2A1430)の輪郭線、セル塗り2段＋ツヤのハイライト、大きく表情豊かな目、かわいい・かっこいい
世界観：ネオン×夕焼けの架空のリゾート都市「ヴァイス・ベイ」
色：主色 #ff3dd2、差し色 #fff06a
条件：全身1体だけ、右向き（真横〜斜め前）、背景は完全な透明（無理なら単色の白）、文字・影・地面・枠は入れない、全年齢向け、既存のゲームやキャラクターに似せない
サイズ：正方形 1024×1024、キャラが画面の8割程度"
"モンスター","robot_lunar","ルナローバー","spaceport","81","enemies/robot_lunar.png","1024","2Dアクションゲーム用のモンスターの画像を1枚作ってください。
名前：ルナローバー（Lv81、宇宙港に出るロボット）
設定：月面ローバーの試作機。重力0.6Gではしゃぎすぎて暴走中。
画風：ちびアニメ調、太めの濃い紫(#2A1430)の輪郭線、セル塗り2段＋ツヤのハイライト、大きく表情豊かな目、かわいい・かっこいい
世界観：ネオン×夕焼けの架空のリゾート都市「ヴァイス・ベイ」
色：主色 #c9ccd6、差し色 #ffd23f
条件：全身1体だけ、右向き（真横〜斜め前）、背景は完全な透明（無理なら単色の白）、文字・影・地面・枠は入れない、全年齢向け、既存のゲームやキャラクターに似せない
サイズ：正方形 1024×1024、キャラが画面の8割程度"
"モンスター","golem_moon","ムーンゴーレム","spaceport","83","enemies/golem_moon.png","1024","2Dアクションゲーム用のモンスターの画像を1枚作ってください。
名前：ムーンゴーレム（Lv83、宇宙港に出るゴーレム）
設定：月の石（模造）で作られたゴーレム。本物だと言い張っている。
画風：ちびアニメ調、太めの濃い紫(#2A1430)の輪郭線、セル塗り2段＋ツヤのハイライト、大きく表情豊かな目、かわいい・かっこいい
世界観：ネオン×夕焼けの架空のリゾート都市「ヴァイス・ベイ」
色：主色 #e8eef8、差し色 #7a3dff
条件：全身1体だけ、右向き（真横〜斜め前）、背景は完全な透明（無理なら単色の白）、文字・影・地面・枠は入れない、全年齢向け、既存のゲームやキャラクターに似せない
サイズ：正方形 1024×1024、キャラが画面の8割程度"
"モンスター","alien_warrior","エイリアン戦士","spaceport","88","enemies/alien_warrior.png","1024","2Dアクションゲーム用のモンスターの画像を1枚作ってください。
名前：エイリアン戦士（Lv88、宇宙港に出るエイリアン）
設定：宇宙船を守る戦士。人の熱狂を浴びるほど強くなる。
画風：ちびアニメ調、太めの濃い紫(#2A1430)の輪郭線、セル塗り2段＋ツヤのハイライト、大きく表情豊かな目、かわいい・かっこいい
世界観：ネオン×夕焼けの架空のリゾート都市「ヴァイス・ベイ」
色：主色 #5cff9a、差し色 #d8283c
条件：全身1体だけ、右向き（真横〜斜め前）、背景は完全な透明（無理なら単色の白）、文字・影・地面・枠は入れない、全年齢向け、既存のゲームやキャラクターに似せない
サイズ：正方形 1024×1024、キャラが画面の8割程度"
"モンスター","jelly_void","ヴォイドクラゲ","spaceport","91","enemies/jelly_void.png","1024","2Dアクションゲーム用のモンスターの画像を1枚作ってください。
名前：ヴォイドクラゲ（Lv91、宇宙港に出るクラゲ）
設定：虚空を漂うクラゲ。触れると一瞬、街の記憶が抜け落ちる。
画風：ちびアニメ調、太めの濃い紫(#2A1430)の輪郭線、セル塗り2段＋ツヤのハイライト、大きく表情豊かな目、かわいい・かっこいい
世界観：ネオン×夕焼けの架空のリゾート都市「ヴァイス・ベイ」
色：主色 #2a1a5c、差し色 #19f0ff
条件：全身1体だけ、右向き（真横〜斜め前）、背景は完全な透明（無理なら単色の白）、文字・影・地面・枠は入れない、全年齢向け、既存のゲームやキャラクターに似せない
サイズ：正方形 1024×1024、キャラが画面の8割程度"
"モンスター","robot_xeno","ゼノメカ","spaceport","94","enemies/robot_xeno.png","1024","2Dアクションゲーム用のモンスターの画像を1枚作ってください。
名前：ゼノメカ（Lv94、宇宙港に出るロボット）
設定：宇宙船の自律兵器。地球のネオン管を「同胞」と呼ぶ。
画風：ちびアニメ調、太めの濃い紫(#2A1430)の輪郭線、セル塗り2段＋ツヤのハイライト、大きく表情豊かな目、かわいい・かっこいい
世界観：ネオン×夕焼けの架空のリゾート都市「ヴァイス・ベイ」
色：主色 #7a3dff、差し色 #5cff9a
条件：全身1体だけ、右向き（真横〜斜め前）、背景は完全な透明（無理なら単色の白）、文字・影・地面・枠は入れない、全年齢向け、既存のゲームやキャラクターに似せない
サイズ：正方形 1024×1024、キャラが画面の8割程度"
"モンスター","ghost_astral","アストラル体","spaceport","96","enemies/ghost_astral.png","1024","2Dアクションゲーム用のモンスターの画像を1枚作ってください。
名前：アストラル体（Lv96、宇宙港に出るカジノチップの亡霊）
設定：宇宙船の中に漂う思念体。オーバーロード・ゾグの「夢」とも言われる。
画風：ちびアニメ調、太めの濃い紫(#2A1430)の輪郭線、セル塗り2段＋ツヤのハイライト、大きく表情豊かな目、かわいい・かっこいい
世界観：ネオン×夕焼けの架空のリゾート都市「ヴァイス・ベイ」
色：主色 #bff6ff、差し色 #7a3dff
条件：全身1体だけ、右向き（真横〜斜め前）、背景は完全な透明（無理なら単色の白）、文字・影・地面・枠は入れない、全年齢向け、既存のゲームやキャラクターに似せない
サイズ：正方形 1024×1024、キャラが画面の8割程度"
"モンスター","jelly_moonlit","ムーンライト・クラゲ","beach","8","enemies/jelly_moonlit.png","1024","2Dアクションゲーム用のモンスターの画像を1枚作ってください。
名前：ムーンライト・クラゲ（Lv8、夕焼けのビーチに出るクラゲ）
設定：満月の夜にだけ桟橋に浮かぶクラゲ。光る傘は沖の光を映している。
画風：ちびアニメ調、太めの濃い紫(#2A1430)の輪郭線、セル塗り2段＋ツヤのハイライト、大きく表情豊かな目、かわいい・かっこいい
世界観：ネオン×夕焼けの架空のリゾート都市「ヴァイス・ベイ」
色：主色 #fff6c8、差し色 #19f0ff
条件：全身1体だけ、右向き（真横〜斜め前）、背景は完全な透明（無理なら単色の白）、文字・影・地面・枠は入れない、全年齢向け、既存のゲームやキャラクターに似せない
サイズ：正方形 1024×1024、キャラが画面の8割程度"
"モンスター","ghost_bayou","バイユーの鬼火","swamp","42","enemies/ghost_bayou.png","1024","2Dアクションゲーム用のモンスターの画像を1枚作ってください。
名前：バイユーの鬼火（Lv42、霧のワニ沼に出るカジノチップの亡霊）
設定：夜の沼をさまよう鬼火。ワニ祭りの夜に村へ帰ってくるという。
画風：ちびアニメ調、太めの濃い紫(#2A1430)の輪郭線、セル塗り2段＋ツヤのハイライト、大きく表情豊かな目、かわいい・かっこいい
世界観：ネオン×夕焼けの架空のリゾート都市「ヴァイス・ベイ」
色：主色 #9aff6a、差し色 #ffd23f
条件：全身1体だけ、右向き（真横〜斜め前）、背景は完全な透明（無理なら単色の白）、文字・影・地面・枠は入れない、全年齢向け、既存のゲームやキャラクターに似せない
サイズ：正方形 1024×1024、キャラが画面の8割程度"
"モンスター","ghost_after_hours","アフターアワーズの客","casino","57","enemies/ghost_after_hours.png","1024","2Dアクションゲーム用のモンスターの画像を1枚作ってください。
名前：アフターアワーズの客（Lv57、金と紫のカジノ街に出るカジノチップの亡霊）
設定：閉店後のカジノ街を徘徊する亡霊。夜明けとともに消える“最後の客”。
画風：ちびアニメ調、太めの濃い紫(#2A1430)の輪郭線、セル塗り2段＋ツヤのハイライト、大きく表情豊かな目、かわいい・かっこいい
世界観：ネオン×夕焼けの架空のリゾート都市「ヴァイス・ベイ」
色：主色 #ffd23f、差し色 #ff3d7f
条件：全身1体だけ、右向き（真横〜斜め前）、背景は完全な透明（無理なら単色の白）、文字・影・地面・枠は入れない、全年齢向け、既存のゲームやキャラクターに似せない
サイズ：正方形 1024×1024、キャラが画面の8割程度"
"モンスター","drone_night_owl","ナイトオウル観測機","spaceport","48","enemies/drone_night_owl.png","1024","2Dアクションゲーム用のモンスターの画像を1枚作ってください。
名前：ナイトオウル観測機（Lv48、宇宙港に出る小型ドローン）
設定：夜の宇宙港を飛ぶ観測ドローン。打ち上げの光を見に来る誰かを待っている。
画風：ちびアニメ調、太めの濃い紫(#2A1430)の輪郭線、セル塗り2段＋ツヤのハイライト、大きく表情豊かな目、かわいい・かっこいい
世界観：ネオン×夕焼けの架空のリゾート都市「ヴァイス・ベイ」
色：主色 #7a3dff、差し色 #19f0ff
条件：全身1体だけ、右向き（真横〜斜め前）、背景は完全な透明（無理なら単色の白）、文字・影・地面・枠は入れない、全年齢向け、既存のゲームやキャラクターに似せない
サイズ：正方形 1024×1024、キャラが画面の8割程度"
"ボス","boss_king_slime","キングゼリー","beach","10","bosses/boss_king_slime.png","1536","2Dアクションゲーム用のボスの画像を1枚作ってください。
名前：キングゼリー（Lv10、夕焼けのビーチに出るぷるぷるのゼリー状スライム（サングラスがトレードマーク））
設定：ビーチに捨てられた大量のネオン蛍光ドリンクを吸って巨大化した。サングラスは観光客の落とし物。
画風：ちびアニメ調、太めの濃い紫(#2A1430)の輪郭線、セル塗り2段＋ツヤのハイライト、大きく表情豊かな目、かわいい・かっこいい、ボスらしい迫力と豪華な装飾
世界観：ネオン×夕焼けの架空のリゾート都市「ヴァイス・ベイ」
色：主色 #5cff9a
条件：全身1体だけ、右向き（真横〜斜め前）、背景は完全な透明（無理なら単色の白）、文字・影・地面・枠は入れない、全年齢向け、既存のゲームやキャラクターに似せない
サイズ：正方形 1536×1536、キャラが画面の8割程度
※できれば同じ構図で「第2形態」（怒って赤く光る・ダメージを受けた姿）も別画像で"
"ボス","boss_rat_king","ラットキング","downtown","18","bosses/boss_rat_king.png","1536","2Dアクションゲーム用のボスの画像を1枚作ってください。
名前：ラットキング（Lv18、ネオンのダウンタウンに出るネズミ）
設定：地下鉄トンネルの“家賃徴収人”。人間の落とした小銭を王冠に溶かして被っている。
画風：ちびアニメ調、太めの濃い紫(#2A1430)の輪郭線、セル塗り2段＋ツヤのハイライト、大きく表情豊かな目、かわいい・かっこいい、ボスらしい迫力と豪華な装飾
世界観：ネオン×夕焼けの架空のリゾート都市「ヴァイス・ベイ」
色：主色 #4a4a58、差し色 #ffd23f
条件：全身1体だけ、右向き（真横〜斜め前）、背景は完全な透明（無理なら単色の白）、文字・影・地面・枠は入れない、全年齢向け、既存のゲームやキャラクターに似せない
サイズ：正方形 1536×1536、キャラが画面の8割程度
※できれば同じ構図で「第2形態」（怒って赤く光る・ダメージを受けた姿）も別画像で"
"ボス","boss_gator","グランパ・ゲイター","swamp","44","bosses/boss_gator.png","1536","2Dアクションゲーム用のボスの画像を1枚作ってください。
名前：グランパ・ゲイター（Lv44、霧のワニ沼に出る王冠とサングラスと葉巻のボスワニ）
設定：ブーンが若い頃から追い続ける伝説のワニ。密輸船の航路を守っているのではなく、ただ縄張りを守っているだけ。
画風：ちびアニメ調、太めの濃い紫(#2A1430)の輪郭線、セル塗り2段＋ツヤのハイライト、大きく表情豊かな目、かわいい・かっこいい、ボスらしい迫力と豪華な装飾
世界観：ネオン×夕焼けの架空のリゾート都市「ヴァイス・ベイ」
色：主色 #2f6f2a
条件：全身1体だけ、右向き（真横〜斜め前）、背景は完全な透明（無理なら単色の白）、文字・影・地面・枠は入れない、全年齢向け、既存のゲームやキャラクターに似せない
サイズ：正方形 1536×1536、キャラが画面の8割程度
※できれば同じ構図で「第2形態」（怒って赤く光る・ダメージを受けた姿）も別画像で"
"ボス","boss_mecha","メカ・ハイローラー","casino","60","bosses/boss_mecha.png","1536","2Dアクションゲーム用のボスの画像を1枚作ってください。
名前：メカ・ハイローラー（Lv60、金と紫のカジノ街に出る小型ドローン）
設定：軍の払い下げ警備ドローンをカジノ用に改造したAI。「賭けに勝つ確率」を常に計算し、負けると怒る。
画風：ちびアニメ調、太めの濃い紫(#2A1430)の輪郭線、セル塗り2段＋ツヤのハイライト、大きく表情豊かな目、かわいい・かっこいい、ボスらしい迫力と豪華な装飾
世界観：ネオン×夕焼けの架空のリゾート都市「ヴァイス・ベイ」
色：主色 #ffd23f
条件：全身1体だけ、右向き（真横〜斜め前）、背景は完全な透明（無理なら単色の白）、文字・影・地面・枠は入れない、全年齢向け、既存のゲームやキャラクターに似せない
サイズ：正方形 1536×1536、キャラが画面の8割程度
※できれば同じ構図で「第2形態」（怒って赤く光る・ダメージを受けた姿）も別画像で"
"ボス","boss_alien","オーバーロード・ゾグ","spaceport","100","bosses/boss_alien.png","1536","2Dアクションゲーム用のボスの画像を1枚作ってください。
名前：オーバーロード・ゾグ（Lv100、宇宙港に出るUFOに乗ったエイリアンの女王）
設定：人の熱狂（ネオン）を糧とする来訪者。SNS のバズが増えるほど強くなるという。
画風：ちびアニメ調、太めの濃い紫(#2A1430)の輪郭線、セル塗り2段＋ツヤのハイライト、大きく表情豊かな目、かわいい・かっこいい、ボスらしい迫力と豪華な装飾
世界観：ネオン×夕焼けの架空のリゾート都市「ヴァイス・ベイ」
色：主色 #5cff9a、差し色 #7a3dff
条件：全身1体だけ、右向き（真横〜斜め前）、背景は完全な透明（無理なら単色の白）、文字・影・地面・枠は入れない、全年齢向け、既存のゲームやキャラクターに似せない
サイズ：正方形 1536×1536、キャラが画面の8割程度
※できれば同じ構図で「第2形態」（怒って赤く光る・ダメージを受けた姿）も別画像で"
"PET","slimePet","ペット: プルプル","","","pets/slimePet.png","512","2Dゲーム用のペット（マスコット）の画像を1枚作ってください。
名前：プルプル
設定：ソーダ味のちびスライム。のんびり屋。
画風：ちびアニメ調、太めの濃い紫(#2A1430)の輪郭線、セル塗り2段＋ツヤのハイライト、大きく表情豊かな目、かわいい・かっこいい、超レアなペットらしく思わず欲しくなる愛らしさ、キラキラした目
色：主色 #5cff9a、差し色 #ffffff
条件：全身1体だけ、右向き（真横〜斜め前）、背景は完全な透明（無理なら単色の白）、文字・影・地面・枠は入れない、全年齢向け、既存のゲームやキャラクターに似せない
サイズ：正方形 512×512、キャラが画面の8割程度"
"PET","flamingoPet","ペット: フラミー","","","pets/flamingoPet.png","512","2Dゲーム用のペット（マスコット）の画像を1枚作ってください。
名前：フラミー
設定：片足立ちが得意なひなフラミンゴ。
画風：ちびアニメ調、太めの濃い紫(#2A1430)の輪郭線、セル塗り2段＋ツヤのハイライト、大きく表情豊かな目、かわいい・かっこいい、超レアなペットらしく思わず欲しくなる愛らしさ、キラキラした目
色：主色 #ff7fb0、差し色 #ffd23f
条件：全身1体だけ、右向き（真横〜斜め前）、背景は完全な透明（無理なら単色の白）、文字・影・地面・枠は入れない、全年齢向け、既存のゲームやキャラクターに似せない
サイズ：正方形 512×512、キャラが画面の8割程度"
"PET","catPet","ペット: ネオンにゃん","","","pets/catPet.png","512","2Dゲーム用のペット（マスコット）の画像を1枚作ってください。
名前：ネオンにゃん
設定：路地裏生まれ。光るものが大好き。
画風：ちびアニメ調、太めの濃い紫(#2A1430)の輪郭線、セル塗り2段＋ツヤのハイライト、大きく表情豊かな目、かわいい・かっこいい、超レアなペットらしく思わず欲しくなる愛らしさ、キラキラした目
色：主色 #b04dff、差し色 #19f0ff
条件：全身1体だけ、右向き（真横〜斜め前）、背景は完全な透明（無理なら単色の白）、文字・影・地面・枠は入れない、全年齢向け、既存のゲームやキャラクターに似せない
サイズ：正方形 512×512、キャラが画面の8割程度"
"PET","dronePet","ペット: ピコドローン","","","pets/dronePet.png","512","2Dゲーム用のペット（マスコット）の画像を1枚作ってください。
名前：ピコドローン
設定：回収アームつきの小型ドローン。
画風：ちびアニメ調、太めの濃い紫(#2A1430)の輪郭線、セル塗り2段＋ツヤのハイライト、大きく表情豊かな目、かわいい・かっこいい、超レアなペットらしく思わず欲しくなる愛らしさ、キラキラした目
色：主色 #19f0ff、差し色 #ff3dd2
条件：全身1体だけ、右向き（真横〜斜め前）、背景は完全な透明（無理なら単色の白）、文字・影・地面・枠は入れない、全年齢向け、既存のゲームやキャラクターに似せない
サイズ：正方形 512×512、キャラが画面の8割程度"
"PET","dolphinPet","ペット: ドルフィ","","","pets/dolphinPet.png","512","2Dゲーム用のペット（マスコット）の画像を1枚作ってください。
名前：ドルフィ
設定：空中をすいすい泳ぐ不思議なイルカ。
画風：ちびアニメ調、太めの濃い紫(#2A1430)の輪郭線、セル塗り2段＋ツヤのハイライト、大きく表情豊かな目、かわいい・かっこいい、超レアなペットらしく思わず欲しくなる愛らしさ、キラキラした目
色：主色 #4da6ff、差し色 #bff6ff
条件：全身1体だけ、右向き（真横〜斜め前）、背景は完全な透明（無理なら単色の白）、文字・影・地面・枠は入れない、全年齢向け、既存のゲームやキャラクターに似せない
サイズ：正方形 512×512、キャラが画面の8割程度"
"PET","gatorPet","ペット: ワニ太郎","","","pets/gatorPet.png","512","2Dゲーム用のペット（マスコット）の画像を1枚作ってください。
名前：ワニ太郎
設定：グランパの孫…らしい。噛まない。
画風：ちびアニメ調、太めの濃い紫(#2A1430)の輪郭線、セル塗り2段＋ツヤのハイライト、大きく表情豊かな目、かわいい・かっこいい、超レアなペットらしく思わず欲しくなる愛らしさ、キラキラした目
色：主色 #3f8f3a、差し色 #ffd23f
条件：全身1体だけ、右向き（真横〜斜め前）、背景は完全な透明（無理なら単色の白）、文字・影・地面・枠は入れない、全年齢向け、既存のゲームやキャラクターに似せない
サイズ：正方形 512×512、キャラが画面の8割程度"
"PET","ghostPet","ペット: チップくん","","","pets/ghostPet.png","512","2Dゲーム用のペット（マスコット）の画像を1枚作ってください。
名前：チップくん
設定：カジノで負け続けた亡霊。今は幸運の味方。
画風：ちびアニメ調、太めの濃い紫(#2A1430)の輪郭線、セル塗り2段＋ツヤのハイライト、大きく表情豊かな目、かわいい・かっこいい、超レアなペットらしく思わず欲しくなる愛らしさ、キラキラした目
色：主色 #e8f0ff、差し色 #ffd23f
条件：全身1体だけ、右向き（真横〜斜め前）、背景は完全な透明（無理なら単色の白）、文字・影・地面・枠は入れない、全年齢向け、既存のゲームやキャラクターに似せない
サイズ：正方形 512×512、キャラが画面の8割程度"
"PET","robotPet","ペット: ボルトくん","","","pets/robotPet.png","512","2Dゲーム用のペット（マスコット）の画像を1枚作ってください。
名前：ボルトくん
設定：宇宙港の整備ロボ。几帳面に全部拾う。
画風：ちびアニメ調、太めの濃い紫(#2A1430)の輪郭線、セル塗り2段＋ツヤのハイライト、大きく表情豊かな目、かわいい・かっこいい、超レアなペットらしく思わず欲しくなる愛らしさ、キラキラした目
色：主色 #c9ccd6、差し色 #ff8a00
条件：全身1体だけ、右向き（真横〜斜め前）、背景は完全な透明（無理なら単色の白）、文字・影・地面・枠は入れない、全年齢向け、既存のゲームやキャラクターに似せない
サイズ：正方形 512×512、キャラが画面の8割程度"
"PET","dragonPet","ペット: ネオンドラゴン","","","pets/dragonPet.png","512","2Dゲーム用のペット（マスコット）の画像を1枚作ってください。
名前：ネオンドラゴン
設定：摩天楼の頂に棲む小竜。
画風：ちびアニメ調、太めの濃い紫(#2A1430)の輪郭線、セル塗り2段＋ツヤのハイライト、大きく表情豊かな目、かわいい・かっこいい、超レアなペットらしく思わず欲しくなる愛らしさ、キラキラした目
色：主色 #ff3d7f、差し色 #fff06a
条件：全身1体だけ、右向き（真横〜斜め前）、背景は完全な透明（無理なら単色の白）、文字・影・地面・枠は入れない、全年齢向け、既存のゲームやキャラクターに似せない
サイズ：正方形 512×512、キャラが画面の8割程度"
"PET","alienPet","ペット: ピポ","","","pets/alienPet.png","512","2Dゲーム用のペット（マスコット）の画像を1枚作ってください。
名前：ピポ
設定：謎の宇宙船から付いてきた。テレパシーで拾う。
画風：ちびアニメ調、太めの濃い紫(#2A1430)の輪郭線、セル塗り2段＋ツヤのハイライト、大きく表情豊かな目、かわいい・かっこいい、超レアなペットらしく思わず欲しくなる愛らしさ、キラキラした目
色：主色 #5cff9a、差し色 #7a3dff
条件：全身1体だけ、右向き（真横〜斜め前）、背景は完全な透明（無理なら単色の白）、文字・影・地面・枠は入れない、全年齢向け、既存のゲームやキャラクターに似せない
サイズ：正方形 512×512、キャラが画面の8割程度"