パス,種類,ID,名前,行（状態）,セル,優先度,tint,備考
assets/sprites/chars/arm_f_gray.png,char-arm,arm_f,手前の腕 ♀（素手）,idle(6) walk(8) jump(2) climb(4) attack(6) shoot(4) hurt(2) dead(4) drive(1) sit(1),88x128,S,skin,"基準点 24,116。武器より奥・服より手前に重なる腕"
assets/sprites/chars/arm_f__gun_gray.png,char-arm,arm_f@gun,手前の腕 ♀（銃を持つとき）,idle(6) walk(8) jump(2) climb(4) attack(6) shoot(4) hurt(2) dead(4) drive(1) sit(1),80x128,S,skin,"基準点 24,116。武器より奥・服より手前に重なる腕"
assets/sprites/chars/arm_f__magic_gray.png,char-arm,arm_f@magic,手前の腕 ♀（杖を持つとき）,idle(6) walk(8) jump(2) climb(4) attack(6) shoot(4) hurt(2) dead(4) drive(1) sit(1),88x128,S,skin,"基準点 24,116。武器より奥・服より手前に重なる腕"
assets/sprites/chars/arm_f__melee_gray.png,char-arm,arm_f@melee,手前の腕 ♀（近接武器を持つとき）,idle(6) walk(8) jump(2) climb(4) attack(6) shoot(4) hurt(2) dead(4) drive(1) sit(1),88x128,S,skin,"基準点 24,116。武器より奥・服より手前に重なる腕"
assets/sprites/chars/arm_m_gray.png,char-arm,arm_m,手前の腕 ♂（素手）,idle(6) walk(8) jump(2) climb(4) attack(6) shoot(4) hurt(2) dead(4) drive(1) sit(1),96x136,S,skin,"基準点 22,117。武器より奥・服より手前に重なる腕"
assets/sprites/chars/arm_m__gun_gray.png,char-arm,arm_m@gun,手前の腕 ♂（銃を持つとき）,idle(6) walk(8) jump(2) climb(4) attack(6) shoot(4) hurt(2) dead(4) drive(1) sit(1),88x136,S,skin,"基準点 22,117。武器より奥・服より手前に重なる腕"
assets/sprites/chars/arm_m__magic_gray.png,char-arm,arm_m@magic,手前の腕 ♂（杖を持つとき）,idle(6) walk(8) jump(2) climb(4) attack(6) shoot(4) hurt(2) dead(4) drive(1) sit(1),96x136,S,skin,"基準点 22,117。武器より奥・服より手前に重なる腕"
assets/sprites/chars/arm_m__melee_gray.png,char-arm,arm_m@melee,手前の腕 ♂（近接武器を持つとき）,idle(6) walk(8) jump(2) climb(4) attack(6) shoot(4) hurt(2) dead(4) drive(1) sit(1),96x136,S,skin,"基準点 22,118。武器より奥・服より手前に重なる腕"
assets/sprites/chars/body_f_gray.png,char-body,body_f,素体 ♀（奥の腕・胴・脚）,idle(6) walk(8) jump(2) climb(4) attack(6) shoot(4) hurt(2) dead(4) drive(1) sit(1) attack_melee(6) attack_magic(6),168x176,S,skin,"基準点 91,154。インナー（タンクトップ＋スパッツ）込み。手前の腕は arm_f"
assets/sprites/chars/body_m_gray.png,char-body,body_m,素体 ♂（奥の腕・胴・脚）,idle(6) walk(8) jump(2) climb(4) attack(6) shoot(4) hurt(2) dead(4) drive(1) sit(1) attack_melee(6) attack_magic(6),168x184,S,skin,"基準点 92,156。インナー（タンクトップ＋スパッツ）込み。手前の腕は arm_m"
assets/sprites/chars/equip/bottom/jeans_f_gray.png,equip-bottom,bottom:jeans_f,下衣 ジーンズ ♀,idle(6) walk(8) jump(2) climb(4) attack(6) shoot(4) hurt(2) dead(4) drive(1) sit(1) attack_melee(6) attack_magic(6),120x72,S,color,"基準点 42,53。初期装備。色違い 1 種を tint で表現: jeans_blue"
assets/sprites/chars/equip/bottom/jeans_m_gray.png,equip-bottom,bottom:jeans_m,下衣 ジーンズ ♂,idle(6) walk(8) jump(2) climb(4) attack(6) shoot(4) hurt(2) dead(4) drive(1) sit(1) attack_melee(6) attack_magic(6),120x72,S,color,"基準点 46,58。初期装備。色違い 1 種を tint で表現: jeans_blue"
assets/sprites/chars/equip/bottom/skirt_f_gray.png,equip-bottom,bottom:skirt_f,下衣 スカート ♀,idle(6) walk(8) jump(2) climb(4) attack(6) shoot(4) hurt(2) dead(4) drive(1) sit(1) attack_melee(6) attack_magic(6),88x80,S,color,"基準点 36,62。初期装備。色違い 2 種を tint で表現: skirt_pink skirt_star"
assets/sprites/chars/equip/bottom/trackPants_f_gray.png,equip-bottom,bottom:trackPants_f,下衣 ジャージパンツ ♀,idle(6) walk(8) jump(2) climb(4) attack(6) shoot(4) hurt(2) dead(4) drive(1) sit(1) attack_melee(6) attack_magic(6),120x72,S,color,"基準点 42,53。初期装備。色違い 2 種を tint で表現: pants_cyber track_pants"
assets/sprites/chars/equip/bottom/trackPants_m_gray.png,equip-bottom,bottom:trackPants_m,下衣 ジャージパンツ ♂,idle(6) walk(8) jump(2) climb(4) attack(6) shoot(4) hurt(2) dead(4) drive(1) sit(1) attack_melee(6) attack_magic(6),120x72,S,color,"基準点 46,58。初期装備。色違い 2 種を tint で表現: pants_cyber track_pants"
assets/sprites/chars/face_f.png,char-face,face_f,顔 ♀（目・眉・口）基本,neutral(1) smile(1) shout(1) hurt(1) happy(1) jito(1) angry(1) sad(1) wink(1) blink(1) dead(1) aim(1) panic(1),104x112,S,,"基準点 52,68（頭の中心）。行は表情。頭の動きに合わせてゲームが動かす。瞳の色は描いたまま（色違いは @色 の別ファイル）"
assets/sprites/chars/face_f__19f0ff.png,char-face,face_f@19f0ff,顔 ♀（目・眉・口）瞳 #19f0ff 用,neutral(1) smile(1) shout(1) hurt(1) happy(1) jito(1) angry(1) sad(1) wink(1) blink(1) dead(1) aim(1) panic(1),104x112,S,,"基準点 52,68（頭の中心）。行は表情。頭の動きに合わせてゲームが動かす。瞳の色が #19f0ff のキャラ用（色まで描く）"
assets/sprites/chars/face_f__33c7e6.png,char-face,face_f@33c7e6,顔 ♀（目・眉・口）瞳 #33c7e6 用,neutral(1) smile(1) shout(1) hurt(1) happy(1) jito(1) angry(1) sad(1) wink(1) blink(1) dead(1) aim(1) panic(1),104x112,S,,"基準点 52,68（頭の中心）。行は表情。頭の動きに合わせてゲームが動かす。瞳の色が #33c7e6 のキャラ用（色まで描く）"
assets/sprites/chars/face_m.png,char-face,face_m,顔 ♂（目・眉・口）基本,neutral(1) smile(1) shout(1) hurt(1) happy(1) jito(1) angry(1) sad(1) wink(1) blink(1) dead(1) aim(1) panic(1),104x112,S,,"基準点 52,68（頭の中心）。行は表情。頭の動きに合わせてゲームが動かす。瞳の色は描いたまま（色違いは @色 の別ファイル）"
assets/sprites/chars/face_m__19f0ff.png,char-face,face_m@19f0ff,顔 ♂（目・眉・口）瞳 #19f0ff 用,neutral(1) smile(1) shout(1) hurt(1) happy(1) jito(1) angry(1) sad(1) wink(1) blink(1) dead(1) aim(1) panic(1),104x112,S,,"基準点 52,68（頭の中心）。行は表情。頭の動きに合わせてゲームが動かす。瞳の色が #19f0ff のキャラ用（色まで描く）"
assets/sprites/chars/face_m__ff3d8b.png,char-face,face_m@ff3d8b,顔 ♂（目・眉・口）瞳 #ff3d8b 用,neutral(1) smile(1) shout(1) hurt(1) happy(1) jito(1) angry(1) sad(1) wink(1) blink(1) dead(1) aim(1) panic(1),104x112,S,,"基準点 52,68（頭の中心）。行は表情。頭の動きに合わせてゲームが動かす。瞳の色が #ff3d8b のキャラ用（色まで描く）"
assets/sprites/chars/hair/bob_back_f_gray.png,char-hair,hair:bob_back_f,髪 ボブ 後ろ髪 ♀,idle(6) walk(8) jump(2) climb(4) attack(6) shoot(4) hurt(2) dead(4) drive(1) sit(1) attack_melee(6) attack_magic(6),168x184,S,hairColor,"基準点 104,167。主人公の初期髪型。体より奥"
assets/sprites/chars/hair/bob_front_f_gray.png,char-hair,hair:bob_front_f,髪 ボブ 前髪 ♀,idle(6) walk(8) jump(2) climb(4) attack(6) shoot(4) hurt(2) dead(4) drive(1) sit(1) attack_melee(6) attack_magic(6),192x208,S,hairColor,"基準点 122,189。主人公の初期髪型。顔より手前"
assets/sprites/chars/hair/ponytail_back_f_gray.png,char-hair,hair:ponytail_back_f,髪 ポニーテール 後ろ髪 ♀,idle(6) walk(8) jump(2) climb(4) attack(6) shoot(4) hurt(2) dead(4) drive(1) sit(1) attack_melee(6) attack_magic(6),176x200,S,hairColor,"基準点 110,167。主人公の初期髪型。体より奥"
assets/sprites/chars/hair/ponytail_front_f_gray.png,char-hair,hair:ponytail_front_f,髪 ポニーテール 前髪 ♀,idle(6) walk(8) jump(2) climb(4) attack(6) shoot(4) hurt(2) dead(4) drive(1) sit(1) attack_melee(6) attack_magic(6),176x192,S,hairColor,"基準点 113,176。主人公の初期髪型。顔より手前"
assets/sprites/chars/hair/short_back_m_gray.png,char-hair,hair:short_back_m,髪 ショート 後ろ髪 ♂,idle(6) walk(8) jump(2) climb(4) attack(6) shoot(4) hurt(2) dead(4) drive(1) sit(1) attack_melee(6) attack_magic(6),176x184,S,hairColor,"基準点 105,168。主人公の初期髪型。体より奥"
assets/sprites/chars/hair/short_front_m_gray.png,char-hair,hair:short_front_m,髪 ショート 前髪 ♂,idle(6) walk(8) jump(2) climb(4) attack(6) shoot(4) hurt(2) dead(4) drive(1) sit(1) attack_melee(6) attack_magic(6),192x208,S,hairColor,"基準点 125,193。主人公の初期髪型。顔より手前"
assets/sprites/chars/hair/spiky_back_m_gray.png,char-hair,hair:spiky_back_m,髪 ツンツン 後ろ髪 ♂,idle(6) walk(8) jump(2) climb(4) attack(6) shoot(4) hurt(2) dead(4) drive(1) sit(1) attack_melee(6) attack_magic(6),176x184,S,hairColor,"基準点 105,168。主人公の初期髪型。体より奥"
assets/sprites/chars/hair/spiky_front_m_gray.png,char-hair,hair:spiky_front_m,髪 ツンツン 前髪 ♂,idle(6) walk(8) jump(2) climb(4) attack(6) shoot(4) hurt(2) dead(4) drive(1) sit(1) attack_melee(6) attack_magic(6),200x208,S,hairColor,"基準点 133,194。主人公の初期髪型。顔より手前"
assets/sprites/chars/hair/twin_back_f_gray.png,char-hair,hair:twin_back_f,髪 ツインテール 後ろ髪 ♀,idle(6) walk(8) jump(2) climb(4) attack(6) shoot(4) hurt(2) dead(4) drive(1) sit(1) attack_melee(6) attack_magic(6),184x192,S,hairColor,"基準点 104,167。主人公の初期髪型。体より奥"
assets/sprites/chars/hair/twin_front_f_gray.png,char-hair,hair:twin_front_f,髪 ツインテール 前髪 ♀,idle(6) walk(8) jump(2) climb(4) attack(6) shoot(4) hurt(2) dead(4) drive(1) sit(1) attack_melee(6) attack_magic(6),192x208,S,hairColor,"基準点 123,190。主人公の初期髪型。顔より手前"
assets/sprites/chars/hair/wolf_back_m_gray.png,char-hair,hair:wolf_back_m,髪 ウルフ 後ろ髪 ♂,idle(6) walk(8) jump(2) climb(4) attack(6) shoot(4) hurt(2) dead(4) drive(1) sit(1) attack_melee(6) attack_magic(6),176x192,S,hairColor,"基準点 105,168。主人公の初期髪型。体より奥"
assets/sprites/chars/hair/wolf_front_m_gray.png,char-hair,hair:wolf_front_m,髪 ウルフ 前髪 ♂,idle(6) walk(8) jump(2) climb(4) attack(6) shoot(4) hurt(2) dead(4) drive(1) sit(1) attack_melee(6) attack_magic(6),200x208,S,hairColor,"基準点 128,189。主人公の初期髪型。顔より手前"
assets/sprites/chars/equip/hat/cap_m_gray.png,equip-hat,hat:cap_m,帽子 キャップ ♂,idle(6) walk(8) jump(2) climb(4) attack(6) shoot(4) hurt(2) dead(4) drive(1) sit(1) attack_melee(6) attack_magic(6),192x184,S,color,"基準点 107,171。初期装備。色違い 1 種を tint で表現: cap_street"
assets/sprites/chars/equip/hat/catEars_f_gray.png,equip-hat,hat:catEars_f,帽子 ネコミミ ♀,idle(6) walk(8) jump(2) climb(4) attack(6) shoot(4) hurt(2) dead(4) drive(1) sit(1) attack_melee(6) attack_magic(6),176x192,S,color,"基準点 117,177。初期装備。色違い 3 種を tint で表現: cat_ears_pink cat_ears_neon cat_ears_cosmic"
assets/sprites/chars/equip/hat/headphones_f_gray.png,equip-hat,hat:headphones_f,帽子 ヘッドホン ♀,idle(6) walk(8) jump(2) climb(4) attack(6) shoot(4) hurt(2) dead(4) drive(1) sit(1) attack_melee(6) attack_magic(6),176x184,S,color,"基準点 107,171。初期装備。色違い 2 種を tint で表現: headphones_cyber headphones_neon"
assets/sprites/chars/equip/hat/headphones_m_gray.png,equip-hat,hat:headphones_m,帽子 ヘッドホン ♂,idle(6) walk(8) jump(2) climb(4) attack(6) shoot(4) hurt(2) dead(4) drive(1) sit(1) attack_melee(6) attack_magic(6),176x192,S,color,"基準点 109,173。初期装備。色違い 2 種を tint で表現: headphones_cyber headphones_neon"
assets/sprites/chars/equip/shoes/boots_f_gray.png,equip-shoes,shoes:boots_f,靴 ブーツ ♀,idle(6) walk(8) jump(2) climb(4) attack(6) shoot(4) hurt(2) dead(4) drive(1) sit(1) attack_melee(6) attack_magic(6),120x64,S,color,"基準点 43,44。初期装備。色違い 3 種を tint で表現: boots_black boots_rocket boots_moon"
assets/sprites/chars/equip/shoes/boots_m_gray.png,equip-shoes,shoes:boots_m,靴 ブーツ ♂,idle(6) walk(8) jump(2) climb(4) attack(6) shoot(4) hurt(2) dead(4) drive(1) sit(1) attack_melee(6) attack_magic(6),120x64,S,color,"基準点 47,47。初期装備。色違い 3 種を tint で表現: boots_black boots_rocket boots_moon"
assets/sprites/chars/equip/shoes/sneakers_f_gray.png,equip-shoes,shoes:sneakers_f,靴 スニーカー ♀,idle(6) walk(8) jump(2) climb(4) attack(6) shoot(4) hurt(2) dead(4) drive(1) sit(1) attack_melee(6) attack_magic(6),120x64,S,color,"基準点 43,45。初期装備。色違い 2 種を tint で表現: sneakers_white sneakers_neon"
assets/sprites/chars/equip/shoes/sneakers_m_gray.png,equip-shoes,shoes:sneakers_m,靴 スニーカー ♂,idle(6) walk(8) jump(2) climb(4) attack(6) shoot(4) hurt(2) dead(4) drive(1) sit(1) attack_melee(6) attack_magic(6),120x64,S,color,"基準点 47,48。初期装備。色違い 2 種を tint で表現: sneakers_white sneakers_neon"
assets/sprites/chars/equip/top/hoodie_f_gray.png,equip-top,top:hoodie_f,上着 パーカー ♀,idle(6) walk(8) jump(2) climb(4) attack(6) shoot(4) hurt(2) dead(4) drive(1) sit(1) attack_melee(6) attack_magic(6),104x136,S,color,"基準点 58,115。初期装備。色違い 2 種を tint で表現: hoodie_cyber hoodie_pink"
assets/sprites/chars/equip/top/hoodie_m_gray.png,equip-top,top:hoodie_m,上着 パーカー ♂,idle(6) walk(8) jump(2) climb(4) attack(6) shoot(4) hurt(2) dead(4) drive(1) sit(1) attack_melee(6) attack_magic(6),112x144,S,color,"基準点 65,116。初期装備。色違い 2 種を tint で表現: hoodie_cyber hoodie_pink"
assets/sprites/chars/equip/top/hoodie_sleeve_f_gray.png,equip-top,top:hoodie_sleeve_f,上着 パーカー 手前の袖 ♀,idle(6) walk(8) jump(2) climb(4) attack(6) shoot(4) hurt(2) dead(4) drive(1) sit(1),88x128,S,color,"基準点 26,115。初期装備。色違い 2 種を tint で表現: hoodie_cyber hoodie_pink"
assets/sprites/chars/equip/top/hoodie_sleeve_f__magic_gray.png,equip-top,top:hoodie_sleeve_f@magic,上着 パーカー 手前の袖 ♀（杖を持つとき）,idle(6) walk(8) jump(2) climb(4) attack(6) shoot(4) hurt(2) dead(4) drive(1) sit(1),88x128,S,color,"基準点 26,115。初期装備。色違い 2 種を tint で表現: hoodie_cyber hoodie_pink"
assets/sprites/chars/equip/top/hoodie_sleeve_f__melee_gray.png,equip-top,top:hoodie_sleeve_f@melee,上着 パーカー 手前の袖 ♀（近接武器を持つとき）,idle(6) walk(8) jump(2) climb(4) attack(6) shoot(4) hurt(2) dead(4) drive(1) sit(1),88x128,S,color,"基準点 26,115。初期装備。色違い 2 種を tint で表現: hoodie_cyber hoodie_pink"
assets/sprites/chars/equip/top/hoodie_sleeve_m_gray.png,equip-top,top:hoodie_sleeve_m,上着 パーカー 手前の袖 ♂,idle(6) walk(8) jump(2) climb(4) attack(6) shoot(4) hurt(2) dead(4) drive(1) sit(1),96x128,S,color,"基準点 23,116。初期装備。色違い 2 種を tint で表現: hoodie_cyber hoodie_pink"
assets/sprites/chars/equip/top/hoodie_sleeve_m__magic_gray.png,equip-top,top:hoodie_sleeve_m@magic,上着 パーカー 手前の袖 ♂（杖を持つとき）,idle(6) walk(8) jump(2) climb(4) attack(6) shoot(4) hurt(2) dead(4) drive(1) sit(1),96x128,S,color,"基準点 23,116。初期装備。色違い 2 種を tint で表現: hoodie_cyber hoodie_pink"
assets/sprites/chars/equip/top/hoodie_sleeve_m__melee_gray.png,equip-top,top:hoodie_sleeve_m@melee,上着 パーカー 手前の袖 ♂（近接武器を持つとき）,idle(6) walk(8) jump(2) climb(4) attack(6) shoot(4) hurt(2) dead(4) drive(1) sit(1),96x136,S,color,"基準点 23,117。初期装備。色違い 2 種を tint で表現: hoodie_cyber hoodie_pink"
assets/sprites/chars/equip/top/leatherJacket_f_gray.png,equip-top,top:leatherJacket_f,上着 レザージャケット ♀,idle(6) walk(8) jump(2) climb(4) attack(6) shoot(4) hurt(2) dead(4) drive(1) sit(1) attack_melee(6) attack_magic(6),96x136,S,color,"基準点 58,115。初期装備。色違い 2 種を tint で表現: leather_jacket jacket_nebula"
assets/sprites/chars/equip/top/leatherJacket_m_gray.png,equip-top,top:leatherJacket_m,上着 レザージャケット ♂,idle(6) walk(8) jump(2) climb(4) attack(6) shoot(4) hurt(2) dead(4) drive(1) sit(1) attack_melee(6) attack_magic(6),104x144,S,color,"基準点 65,116。初期装備。色違い 2 種を tint で表現: leather_jacket jacket_nebula"
assets/sprites/chars/equip/top/leatherJacket_sleeve_f_gray.png,equip-top,top:leatherJacket_sleeve_f,上着 レザージャケット 手前の袖 ♀,idle(6) walk(8) jump(2) climb(4) attack(6) shoot(4) hurt(2) dead(4) drive(1) sit(1),88x128,S,color,"基準点 26,115。初期装備。色違い 2 種を tint で表現: leather_jacket jacket_nebula"
assets/sprites/chars/equip/top/leatherJacket_sleeve_f__melee_gray.png,equip-top,top:leatherJacket_sleeve_f@melee,上着 レザージャケット 手前の袖 ♀（近接武器を持つとき）,idle(6) walk(8) jump(2) climb(4) attack(6) shoot(4) hurt(2) dead(4) drive(1) sit(1),88x128,S,color,"基準点 26,115。初期装備。色違い 2 種を tint で表現: leather_jacket jacket_nebula"
assets/sprites/chars/equip/top/leatherJacket_sleeve_m_gray.png,equip-top,top:leatherJacket_sleeve_m,上着 レザージャケット 手前の袖 ♂,idle(6) walk(8) jump(2) climb(4) attack(6) shoot(4) hurt(2) dead(4) drive(1) sit(1),96x128,S,color,"基準点 23,116。初期装備。色違い 2 種を tint で表現: leather_jacket jacket_nebula"
assets/sprites/chars/equip/top/leatherJacket_sleeve_m__melee_gray.png,equip-top,top:leatherJacket_sleeve_m@melee,上着 レザージャケット 手前の袖 ♂（近接武器を持つとき）,idle(6) walk(8) jump(2) climb(4) attack(6) shoot(4) hurt(2) dead(4) drive(1) sit(1),96x136,S,color,"基準点 23,117。初期装備。色違い 2 種を tint で表現: leather_jacket jacket_nebula"
assets/sprites/chars/equip/weapon/bat_f_gray.png,equip-weapon,weapon:bat_f,武器 バット ♀,idle(6) walk(8) jump(2) climb(4) attack(6) shoot(4) hurt(2) dead(4) drive(1) sit(1),160x184,S,color,"基準点 45,165。初期装備。色違い 2 種を tint で表現: bat_wood bat_nail"
assets/sprites/chars/equip/weapon/bat_m_gray.png,equip-weapon,weapon:bat_m,武器 バット ♂,idle(6) walk(8) jump(2) climb(4) attack(6) shoot(4) hurt(2) dead(4) drive(1) sit(1),160x184,S,color,"基準点 42,166。初期装備。色違い 2 種を tint で表現: bat_wood bat_nail"
assets/sprites/chars/equip/weapon/knife_f_gray.png,equip-weapon,weapon:knife_f,武器 ナイフ ♀,idle(6) walk(8) jump(2) climb(4) attack(6) shoot(4) hurt(2) dead(4) drive(1) sit(1),112x152,S,color,"基準点 25,139。初期装備。色違い 2 種を tint で表現: knife_basic knife_butterfly"
assets/sprites/chars/equip/weapon/knife_m_gray.png,equip-weapon,weapon:knife_m,武器 ナイフ ♂,idle(6) walk(8) jump(2) climb(4) attack(6) shoot(4) hurt(2) dead(4) drive(1) sit(1),112x152,S,color,"基準点 22,140。初期装備。色違い 2 種を tint で表現: knife_basic knife_butterfly"
assets/sprites/chars/equip/weapon/staff_f_gray.png,equip-weapon,weapon:staff_f,武器 杖（デバイス） ♀,idle(6) walk(8) jump(2) climb(4) attack(6) shoot(4) hurt(2) dead(4) drive(1) sit(1),208x200,S,color,"基準点 74,184。初期装備。色違い 5 種を tint で表現: staff_glitch staff_neon staff_moon staff_star staff_spire"
assets/sprites/chars/equip/weapon/staff_m_gray.png,equip-weapon,weapon:staff_m,武器 杖（デバイス） ♂,idle(6) walk(8) jump(2) climb(4) attack(6) shoot(4) hurt(2) dead(4) drive(1) sit(1),216x200,S,color,"基準点 72,185。初期装備。色違い 5 種を tint で表現: staff_glitch staff_neon staff_moon staff_star staff_spire"
assets/sprites/bosses/boss_alien.png,boss,boss_alien,オーバーロード・ゾグ,idle(4) walk(6) windup(2) attack(4) hurt(2) dead(4) idle2(4) walk2(6) windup2(2) attack2(4),728x736,S,,"基準点 361,593。宇宙港 Lv100 art=bossAlien 画面上 約272x272px。第2形態（HP50%以下）の行 idle2/walk2/windup2/attack2。飛ぶ敵: walk 行に飛行モーション（行名 fly でも可）"
assets/sprites/bosses/boss_captain.png,boss,boss_captain,キャプテン・ハーケン,idle(4) walk(6) windup(2) attack(4) hurt(2) dead(4) idle2(4) walk2(6) windup2(2) attack2(4),336x296,S,,"基準点 165,253。スラム/港 Lv34 art=thug 画面上 約84x118px。第2形態（HP50%以下）の行 idle2/walk2/windup2/attack2。"
assets/sprites/bosses/boss_don.png,boss,boss_don,ドン・カイマン,idle(4) walk(6) windup(2) attack(4) hurt(2) dead(4) idle2(4) walk2(6) windup2(2) attack2(4),312x304,S,,"基準点 178,263。摩天楼 Lv78 art=bossDon 画面上 約84x118px。第2形態（HP50%以下）の行 idle2/walk2/windup2/attack2。"
assets/sprites/bosses/boss_gator.png,boss,boss_gator,グランパ・ゲイター,idle(4) walk(6) windup(2) attack(4) hurt(2) dead(4) idle2(4) walk2(6) windup2(2) attack2(4),640x296,S,,"基準点 309,276。スワンプ Lv44 art=bossGator 画面上 約220x110px。第2形態（HP50%以下）の行 idle2/walk2/windup2/attack2。"
assets/sprites/bosses/boss_king_slime.png,boss,boss_king_slime,キングゼリー,idle(4) walk(6) windup(2) attack(4) hurt(2) dead(4) idle2(4) walk2(6) windup2(2) attack2(4),472x376,S,,"基準点 236,341。ビーチ Lv10 art=slime 画面上 約120x96px。第2形態（HP50%以下）の行 idle2/walk2/windup2/attack2。"
assets/sprites/bosses/boss_mecha.png,boss,boss_mecha,メカ・ハイローラー,idle(4) walk(6) windup(2) attack(4) hurt(2) dead(4) idle2(4) walk2(6) windup2(2) attack2(4),448x448,S,,"基準点 220,326。カジノ Lv60 art=drone 画面上 約141x96px。第2形態（HP50%以下）の行 idle2/walk2/windup2/attack2。飛ぶ敵: walk 行に飛行モーション（行名 fly でも可）"
assets/sprites/bosses/boss_rat_king.png,boss,boss_rat_king,ラットキング,idle(4) walk(6) windup(2) attack(4) hurt(2) dead(4) idle2(4) walk2(6) windup2(2) attack2(4),360x320,S,,"基準点 185,295。ダウンタウン Lv18 art=rat 画面上 約126x90px。第2形態（HP50%以下）の行 idle2/walk2/windup2/attack2。"
assets/sprites/chars/equip/accessory/goldChain_f_gray.png,equip-accessory,accessory:goldChain_f,アクセサリー 金のチェーン ♀,idle(6) walk(8) jump(2) climb(4) attack(6) shoot(4) hurt(2) dead(4) drive(1) sit(1) attack_melee(6) attack_magic(6),72x104,A,color,"基準点 37,90。色違い 2 種を tint で表現: gold_chain gold_chain_heavy"
assets/sprites/chars/equip/accessory/goldChain_m_gray.png,equip-accessory,accessory:goldChain_m,アクセサリー 金のチェーン ♂,idle(6) walk(8) jump(2) climb(4) attack(6) shoot(4) hurt(2) dead(4) drive(1) sit(1) attack_melee(6) attack_magic(6),72x104,A,color,"基準点 36,89。色違い 2 種を tint で表現: gold_chain gold_chain_heavy"
assets/sprites/chars/equip/accessory/halo_f_gray.png,equip-accessory,accessory:halo_f,アクセサリー 天使の輪 ♀,idle(6) walk(8) jump(2) climb(4) attack(6) shoot(4) hurt(2) dead(4) drive(1) sit(1) attack_melee(6) attack_magic(6),192x208,A,color,"基準点 128,193。色違い 3 種を tint で表現: halo_angel halo_cosmic halo_zog"
assets/sprites/chars/equip/accessory/halo_m_gray.png,equip-accessory,accessory:halo_m,アクセサリー 天使の輪 ♂,idle(6) walk(8) jump(2) climb(4) attack(6) shoot(4) hurt(2) dead(4) drive(1) sit(1) attack_melee(6) attack_magic(6),192x208,A,color,"基準点 131,196。色違い 3 種を tint で表現: halo_angel halo_cosmic halo_zog"
assets/sprites/chars/equip/accessory/sunglasses_f_gray.png,equip-accessory,accessory:sunglasses_f,アクセサリー サングラス ♀,idle(6) walk(8) jump(2) climb(4) attack(6) shoot(4) hurt(2) dead(4) drive(1) sit(1) attack_melee(6) attack_magic(6),128x144,A,color,"基準点 79,132。色違い 2 種を tint で表現: sunglasses_aviator sunglasses_neon"
assets/sprites/chars/equip/accessory/sunglasses_m_gray.png,equip-accessory,accessory:sunglasses_m,アクセサリー サングラス ♂,idle(6) walk(8) jump(2) climb(4) attack(6) shoot(4) hurt(2) dead(4) drive(1) sit(1) attack_melee(6) attack_magic(6),136x152,A,color,"基準点 79,133。色違い 2 種を tint で表現: sunglasses_aviator sunglasses_neon"
assets/sprites/chars/equip/accessory/wings_back_f_gray.png,equip-accessory,accessory:wings_back_f,アクセサリー 翼 背面パーツ ♀,idle(6) walk(8) jump(2) climb(4) attack(6) shoot(4) hurt(2) dead(4) drive(1) sit(1) attack_melee(6) attack_magic(6),112x160,A,color,"基準点 90,107。色違い 2 種を tint で表現: wings_angel wings_neon"
assets/sprites/chars/equip/accessory/wings_back_m_gray.png,equip-accessory,accessory:wings_back_m,アクセサリー 翼 背面パーツ ♂,idle(6) walk(8) jump(2) climb(4) attack(6) shoot(4) hurt(2) dead(4) drive(1) sit(1) attack_melee(6) attack_magic(6),112x160,A,color,"基準点 90,106。色違い 2 種を tint で表現: wings_angel wings_neon"
assets/sprites/chars/equip/accessory/wings_f_gray.png,equip-accessory,accessory:wings_f,アクセサリー 翼 ♀,idle(6) walk(8) jump(2) climb(4) attack(6) shoot(4) hurt(2) dead(4) drive(1) sit(1) attack_melee(6) attack_magic(6),160x120,A,color,"基準点 81,102。色違い 2 種を tint で表現: wings_angel wings_neon"
assets/sprites/chars/equip/accessory/wings_m_gray.png,equip-accessory,accessory:wings_m,アクセサリー 翼 ♂,idle(6) walk(8) jump(2) climb(4) attack(6) shoot(4) hurt(2) dead(4) drive(1) sit(1) attack_melee(6) attack_magic(6),160x120,A,color,"基準点 81,101。色違い 2 種を tint で表現: wings_angel wings_neon"
assets/sprites/chars/equip/bottom/_default_f.png,equip-bottom,bottom:_default_f,下衣 未装備時の服 ♀,idle(6) walk(8) jump(2) climb(4) attack(6) shoot(4) hurt(2) dead(4) drive(1) sit(1) attack_melee(6) attack_magic(6),96x72,A,,"基準点 32,56。何も着ていないときの既定の服（Tシャツ/短パン/靴）。"
assets/sprites/chars/equip/bottom/_default_m.png,equip-bottom,bottom:_default_m,下衣 未装備時の服 ♂,idle(6) walk(8) jump(2) climb(4) attack(6) shoot(4) hurt(2) dead(4) drive(1) sit(1) attack_melee(6) attack_magic(6),96x72,A,,"基準点 36,59。何も着ていないときの既定の服（Tシャツ/短パン/靴）。"
assets/sprites/chars/equip/bottom/shorts_f_gray.png,equip-bottom,bottom:shorts_f,下衣 ショートパンツ ♀,idle(6) walk(8) jump(2) climb(4) attack(6) shoot(4) hurt(2) dead(4) drive(1) sit(1) attack_melee(6) attack_magic(6),96x72,A,color,"基準点 32,56。色違い 1 種を tint で表現: shorts_beach"
assets/sprites/chars/equip/bottom/shorts_m_gray.png,equip-bottom,bottom:shorts_m,下衣 ショートパンツ ♂,idle(6) walk(8) jump(2) climb(4) attack(6) shoot(4) hurt(2) dead(4) drive(1) sit(1) attack_melee(6) attack_magic(6),96x72,A,color,"基準点 36,59。色違い 1 種を tint で表現: shorts_beach"
assets/sprites/chars/equip/bottom/suitPants_f_gray.png,equip-bottom,bottom:suitPants_f,下衣 スーツパンツ ♀,idle(6) walk(8) jump(2) climb(4) attack(6) shoot(4) hurt(2) dead(4) drive(1) sit(1) attack_melee(6) attack_magic(6),120x72,A,color,"基準点 42,53。色違い 1 種を tint で表現: suit_pants"
assets/sprites/chars/equip/bottom/suitPants_m_gray.png,equip-bottom,bottom:suitPants_m,下衣 スーツパンツ ♂,idle(6) walk(8) jump(2) climb(4) attack(6) shoot(4) hurt(2) dead(4) drive(1) sit(1) attack_melee(6) attack_magic(6),120x72,A,color,"基準点 45,57。色違い 1 種を tint で表現: suit_pants"
assets/sprites/chars/hair/bob_back_m_gray.png,char-hair,hair:bob_back_m,髪 ボブ 後ろ髪 ♂,idle(6) walk(8) jump(2) climb(4) attack(6) shoot(4) hurt(2) dead(4) drive(1) sit(1) attack_melee(6) attack_magic(6),176x184,A,hairColor,"基準点 105,168。体より奥"
assets/sprites/chars/hair/bob_front_m_gray.png,char-hair,hair:bob_front_m,髪 ボブ 前髪 ♂,idle(6) walk(8) jump(2) climb(4) attack(6) shoot(4) hurt(2) dead(4) drive(1) sit(1) attack_melee(6) attack_magic(6),192x208,A,hairColor,"基準点 124,192。顔より手前"
assets/sprites/chars/hair/ponytail_back_m_gray.png,char-hair,hair:ponytail_back_m,髪 ポニーテール 後ろ髪 ♂,idle(6) walk(8) jump(2) climb(4) attack(6) shoot(4) hurt(2) dead(4) drive(1) sit(1) attack_melee(6) attack_magic(6),176x208,A,hairColor,"基準点 112,168。体より奥"
assets/sprites/chars/hair/ponytail_front_m_gray.png,char-hair,hair:ponytail_front_m,髪 ポニーテール 前髪 ♂,idle(6) walk(8) jump(2) climb(4) attack(6) shoot(4) hurt(2) dead(4) drive(1) sit(1) attack_melee(6) attack_magic(6),184x192,A,hairColor,"基準点 115,178。顔より手前"
assets/sprites/chars/hair/short_back_f_gray.png,char-hair,hair:short_back_f,髪 ショート 後ろ髪 ♀,idle(6) walk(8) jump(2) climb(4) attack(6) shoot(4) hurt(2) dead(4) drive(1) sit(1) attack_melee(6) attack_magic(6),168x184,A,hairColor,"基準点 104,167。体より奥"
assets/sprites/chars/hair/short_front_f_gray.png,char-hair,hair:short_front_f,髪 ショート 前髪 ♀,idle(6) walk(8) jump(2) climb(4) attack(6) shoot(4) hurt(2) dead(4) drive(1) sit(1) attack_melee(6) attack_magic(6),192x208,A,hairColor,"基準点 123,190。顔より手前"
assets/sprites/chars/hair/spiky_back_f_gray.png,char-hair,hair:spiky_back_f,髪 ツンツン 後ろ髪 ♀,idle(6) walk(8) jump(2) climb(4) attack(6) shoot(4) hurt(2) dead(4) drive(1) sit(1) attack_melee(6) attack_magic(6),168x184,A,hairColor,"基準点 104,167。体より奥"
assets/sprites/chars/hair/spiky_front_f_gray.png,char-hair,hair:spiky_front_f,髪 ツンツン 前髪 ♀,idle(6) walk(8) jump(2) climb(4) attack(6) shoot(4) hurt(2) dead(4) drive(1) sit(1) attack_melee(6) attack_magic(6),200x208,A,hairColor,"基準点 130,191。顔より手前"
assets/sprites/chars/hair/twin_back_m_gray.png,char-hair,hair:twin_back_m,髪 ツインテール 後ろ髪 ♂,idle(6) walk(8) jump(2) climb(4) attack(6) shoot(4) hurt(2) dead(4) drive(1) sit(1) attack_melee(6) attack_magic(6),192x200,A,hairColor,"基準点 105,168。体より奥"
assets/sprites/chars/hair/twin_front_m_gray.png,char-hair,hair:twin_front_m,髪 ツインテール 前髪 ♂,idle(6) walk(8) jump(2) climb(4) attack(6) shoot(4) hurt(2) dead(4) drive(1) sit(1) attack_melee(6) attack_magic(6),192x208,A,hairColor,"基準点 125,193。顔より手前"
assets/sprites/chars/hair/wolf_back_f_gray.png,char-hair,hair:wolf_back_f,髪 ウルフ 後ろ髪 ♀,idle(6) walk(8) jump(2) climb(4) attack(6) shoot(4) hurt(2) dead(4) drive(1) sit(1) attack_melee(6) attack_magic(6),168x184,A,hairColor,"基準点 104,167。体より奥"
assets/sprites/chars/hair/wolf_front_f_gray.png,char-hair,hair:wolf_front_f,髪 ウルフ 前髪 ♀,idle(6) walk(8) jump(2) climb(4) attack(6) shoot(4) hurt(2) dead(4) drive(1) sit(1) attack_melee(6) attack_magic(6),192x200,A,hairColor,"基準点 125,186。顔より手前"
assets/sprites/chars/equip/hat/crown_f_gray.png,equip-hat,hat:crown_f,帽子 王冠 ♀,idle(6) walk(8) jump(2) climb(4) attack(6) shoot(4) hurt(2) dead(4) drive(1) sit(1) attack_melee(6) attack_magic(6),168x192,A,color,"基準点 114,180。色違い 3 種を tint で表現: crown_gold crown_neon crown_caiman"
assets/sprites/chars/equip/hat/crown_m_gray.png,equip-hat,hat:crown_m,帽子 王冠 ♂,idle(6) walk(8) jump(2) climb(4) attack(6) shoot(4) hurt(2) dead(4) drive(1) sit(1) attack_melee(6) attack_magic(6),176x200,A,color,"基準点 117,182。色違い 3 種を tint で表現: crown_gold crown_neon crown_caiman"
assets/sprites/chars/equip/hat/helmet_f_gray.png,equip-hat,hat:helmet_f,帽子 ヘルメット ♀,idle(6) walk(8) jump(2) climb(4) attack(6) shoot(4) hurt(2) dead(4) drive(1) sit(1) attack_melee(6) attack_magic(6),176x184,A,color,"基準点 106,168。色違い 2 種を tint で表現: helmet_moto helmet_astro"
assets/sprites/chars/equip/hat/helmet_m_gray.png,equip-hat,hat:helmet_m,帽子 ヘルメット ♂,idle(6) walk(8) jump(2) climb(4) attack(6) shoot(4) hurt(2) dead(4) drive(1) sit(1) attack_melee(6) attack_magic(6),176x184,A,color,"基準点 107,170。色違い 2 種を tint で表現: helmet_moto helmet_astro"
assets/sprites/chars/equip/shoes/_default_f.png,equip-shoes,shoes:_default_f,靴 未装備時の服 ♀,idle(6) walk(8) jump(2) climb(4) attack(6) shoot(4) hurt(2) dead(4) drive(1) sit(1) attack_melee(6) attack_magic(6),120x64,A,,"基準点 43,45。何も着ていないときの既定の服（Tシャツ/短パン/靴）。"
assets/sprites/chars/equip/shoes/_default_m.png,equip-shoes,shoes:_default_m,靴 未装備時の服 ♂,idle(6) walk(8) jump(2) climb(4) attack(6) shoot(4) hurt(2) dead(4) drive(1) sit(1) attack_melee(6) attack_magic(6),120x64,A,,"基準点 47,48。何も着ていないときの既定の服（Tシャツ/短パン/靴）。"
assets/sprites/chars/equip/shoes/heels_f_gray.png,equip-shoes,shoes:heels_f,靴 ヒール ♀,idle(6) walk(8) jump(2) climb(4) attack(6) shoot(4) hurt(2) dead(4) drive(1) sit(1) attack_melee(6) attack_magic(6),120x56,A,color,"基準点 43,43。色違い 2 種を tint で表現: heels_red heels_glass"
assets/sprites/chars/equip/shoes/heels_m_gray.png,equip-shoes,shoes:heels_m,靴 ヒール ♂,idle(6) walk(8) jump(2) climb(4) attack(6) shoot(4) hurt(2) dead(4) drive(1) sit(1) attack_melee(6) attack_magic(6),120x64,A,color,"基準点 46,46。色違い 2 種を tint で表現: heels_red heels_glass"
assets/sprites/chars/tear_1_f.png,char-tear,tear_1_f,服破れ 段階1 ♀（HP 75% 以下）,idle(6) walk(8) jump(2) climb(4) attack(6) shoot(4) hurt(2) dead(4) drive(1) sit(1) attack_melee(6) attack_magic(6),56x96,A,,"基準点 26,77。上着の上に重ねる破れ・すす。インナーは必ず残す（全年齢）"
assets/sprites/chars/tear_1_m.png,char-tear,tear_1_m,服破れ 段階1 ♂（HP 75% 以下）,idle(6) walk(8) jump(2) climb(4) attack(6) shoot(4) hurt(2) dead(4) drive(1) sit(1) attack_melee(6) attack_magic(6),56x88,A,,"基準点 25,76。上着の上に重ねる破れ・すす。インナーは必ず残す（全年齢）"
assets/sprites/chars/tear_2_f.png,char-tear,tear_2_f,服破れ 段階2 ♀（HP 50% 以下）,idle(6) walk(8) jump(2) climb(4) attack(6) shoot(4) hurt(2) dead(4) drive(1) sit(1) attack_melee(6) attack_magic(6),88x128,A,,"基準点 38,113。上着の上に重ねる破れ・すす。インナーは必ず残す（全年齢）"
assets/sprites/chars/tear_2_m.png,char-tear,tear_2_m,服破れ 段階2 ♂（HP 50% 以下）,idle(6) walk(8) jump(2) climb(4) attack(6) shoot(4) hurt(2) dead(4) drive(1) sit(1) attack_melee(6) attack_magic(6),88x128,A,,"基準点 37,113。上着の上に重ねる破れ・すす。インナーは必ず残す（全年齢）"
assets/sprites/chars/tear_3_f.png,char-tear,tear_3_f,服破れ 段階3 ♀（HP 25% 以下）,idle(6) walk(8) jump(2) climb(4) attack(6) shoot(4) hurt(2) dead(4) drive(1) sit(1) attack_melee(6) attack_magic(6),88x128,A,,"基準点 38,113。上着の上に重ねる破れ・すす。インナーは必ず残す（全年齢）"
assets/sprites/chars/tear_3_m.png,char-tear,tear_3_m,服破れ 段階3 ♂（HP 25% 以下）,idle(6) walk(8) jump(2) climb(4) attack(6) shoot(4) hurt(2) dead(4) drive(1) sit(1) attack_melee(6) attack_magic(6),88x128,A,,"基準点 37,113。上着の上に重ねる破れ・すす。インナーは必ず残す（全年齢）"
assets/sprites/chars/equip/top/_default_f.png,equip-top,top:_default_f,上着 未装備時の服 ♀,idle(6) walk(8) jump(2) climb(4) attack(6) shoot(4) hurt(2) dead(4) drive(1) sit(1) attack_melee(6) attack_magic(6),88x112,A,,"基準点 49,100。何も着ていないときの既定の服（Tシャツ/短パン/靴）。"
assets/sprites/chars/equip/top/_default_m.png,equip-top,top:_default_m,上着 未装備時の服 ♂,idle(6) walk(8) jump(2) climb(4) attack(6) shoot(4) hurt(2) dead(4) drive(1) sit(1) attack_melee(6) attack_magic(6),96x120,A,,"基準点 54,100。何も着ていないときの既定の服（Tシャツ/短パン/靴）。"
assets/sprites/chars/equip/top/_default_sleeve_f.png,equip-top,top:_default_sleeve_f,上着 未装備時の服 手前の袖 ♀,idle(6) walk(8) jump(2) climb(4) attack(6) shoot(4) hurt(2) dead(4) drive(1) sit(1),80x112,A,,"基準点 26,100。何も着ていないときの既定の服（Tシャツ/短パン/靴）。"
assets/sprites/chars/equip/top/_default_sleeve_f__gun.png,equip-top,top:_default_sleeve_f@gun,上着 未装備時の服 手前の袖 ♀（銃を持つとき）,idle(6) walk(8) jump(2) climb(4) attack(6) shoot(4) hurt(2) dead(4) drive(1) sit(1),72x112,A,,"基準点 26,100。何も着ていないときの既定の服（Tシャツ/短パン/靴）。"
assets/sprites/chars/equip/top/_default_sleeve_f__magic.png,equip-top,top:_default_sleeve_f@magic,上着 未装備時の服 手前の袖 ♀（杖を持つとき）,idle(6) walk(8) jump(2) climb(4) attack(6) shoot(4) hurt(2) dead(4) drive(1) sit(1),72x112,A,,"基準点 26,100。何も着ていないときの既定の服（Tシャツ/短パン/靴）。"
assets/sprites/chars/equip/top/_default_sleeve_f__melee.png,equip-top,top:_default_sleeve_f@melee,上着 未装備時の服 手前の袖 ♀（近接武器を持つとき）,idle(6) walk(8) jump(2) climb(4) attack(6) shoot(4) hurt(2) dead(4) drive(1) sit(1),72x112,A,,"基準点 26,100。何も着ていないときの既定の服（Tシャツ/短パン/靴）。"
assets/sprites/chars/equip/top/_default_sleeve_m.png,equip-top,top:_default_sleeve_m,上着 未装備時の服 手前の袖 ♂,idle(6) walk(8) jump(2) climb(4) attack(6) shoot(4) hurt(2) dead(4) drive(1) sit(1),80x112,A,,"基準点 23,100。何も着ていないときの既定の服（Tシャツ/短パン/靴）。"
assets/sprites/chars/equip/top/_default_sleeve_m__gun.png,equip-top,top:_default_sleeve_m@gun,上着 未装備時の服 手前の袖 ♂（銃を持つとき）,idle(6) walk(8) jump(2) climb(4) attack(6) shoot(4) hurt(2) dead(4) drive(1) sit(1),72x112,A,,"基準点 23,100。何も着ていないときの既定の服（Tシャツ/短パン/靴）。"
assets/sprites/chars/equip/top/_default_sleeve_m__magic.png,equip-top,top:_default_sleeve_m@magic,上着 未装備時の服 手前の袖 ♂（杖を持つとき）,idle(6) walk(8) jump(2) climb(4) attack(6) shoot(4) hurt(2) dead(4) drive(1) sit(1),80x112,A,,"基準点 23,100。何も着ていないときの既定の服（Tシャツ/短パン/靴）。"
assets/sprites/chars/equip/top/_default_sleeve_m__melee.png,equip-top,top:_default_sleeve_m@melee,上着 未装備時の服 手前の袖 ♂（近接武器を持つとき）,idle(6) walk(8) jump(2) climb(4) attack(6) shoot(4) hurt(2) dead(4) drive(1) sit(1),80x112,A,,"基準点 23,100。何も着ていないときの既定の服（Tシャツ/短パン/靴）。"
assets/sprites/chars/equip/top/hoodie_sleeve_f__gun_gray.png,equip-top,top:hoodie_sleeve_f@gun,上着 パーカー 手前の袖 ♀（銃を持つとき）,idle(6) walk(8) jump(2) climb(4) attack(6) shoot(4) hurt(2) dead(4) drive(1) sit(1),80x128,A,color,"基準点 26,115。色違い 2 種を tint で表現: hoodie_cyber hoodie_pink"
assets/sprites/chars/equip/top/hoodie_sleeve_m__gun_gray.png,equip-top,top:hoodie_sleeve_m@gun,上着 パーカー 手前の袖 ♂（銃を持つとき）,idle(6) walk(8) jump(2) climb(4) attack(6) shoot(4) hurt(2) dead(4) drive(1) sit(1),88x128,A,color,"基準点 23,116。色違い 2 種を tint で表現: hoodie_cyber hoodie_pink"
assets/sprites/chars/equip/top/idolDress_f_gray.png,equip-top,top:idolDress_f,上着 アイドル衣装 ♀,idle(6) walk(8) jump(2) climb(4) attack(6) shoot(4) hurt(2) dead(4) drive(1) sit(1) attack_melee(6) attack_magic(6),104x112,A,color,"基準点 43,93。色違い 2 種を tint で表現: idol_dress idol_dress_mythic"
assets/sprites/chars/equip/top/idolDress_m_gray.png,equip-top,top:idolDress_m,上着 アイドル衣装 ♂,idle(6) walk(8) jump(2) climb(4) attack(6) shoot(4) hurt(2) dead(4) drive(1) sit(1) attack_melee(6) attack_magic(6),104x112,A,color,"基準点 47,92。色違い 2 種を tint で表現: idol_dress idol_dress_mythic"
assets/sprites/chars/equip/top/idolDress_sleeve_f_gray.png,equip-top,top:idolDress_sleeve_f,上着 アイドル衣装 手前の袖 ♀,idle(6) walk(8) jump(2) climb(4) attack(6) shoot(4) hurt(2) dead(4) drive(1) sit(1),64x112,A,color,"基準点 21,93。色違い 2 種を tint で表現: idol_dress idol_dress_mythic"
assets/sprites/chars/equip/top/idolDress_sleeve_f__gun_gray.png,equip-top,top:idolDress_sleeve_f@gun,上着 アイドル衣装 手前の袖 ♀（銃を持つとき）,idle(6) walk(8) jump(2) climb(4) attack(6) shoot(4) hurt(2) dead(4) drive(1) sit(1),56x112,A,color,"基準点 21,93。色違い 2 種を tint で表現: idol_dress idol_dress_mythic"
assets/sprites/chars/equip/top/idolDress_sleeve_f__magic_gray.png,equip-top,top:idolDress_sleeve_f@magic,上着 アイドル衣装 手前の袖 ♀（杖を持つとき）,idle(6) walk(8) jump(2) climb(4) attack(6) shoot(4) hurt(2) dead(4) drive(1) sit(1),64x112,A,color,"基準点 21,93。色違い 2 種を tint で表現: idol_dress idol_dress_mythic"
assets/sprites/chars/equip/top/idolDress_sleeve_f__melee_gray.png,equip-top,top:idolDress_sleeve_f@melee,上着 アイドル衣装 手前の袖 ♀（近接武器を持つとき）,idle(6) walk(8) jump(2) climb(4) attack(6) shoot(4) hurt(2) dead(4) drive(1) sit(1),64x112,A,color,"基準点 21,93。色違い 2 種を tint で表現: idol_dress idol_dress_mythic"
assets/sprites/chars/equip/top/idolDress_sleeve_m_gray.png,equip-top,top:idolDress_sleeve_m,上着 アイドル衣装 手前の袖 ♂,idle(6) walk(8) jump(2) climb(4) attack(6) shoot(4) hurt(2) dead(4) drive(1) sit(1),72x112,A,color,"基準点 19,93。色違い 2 種を tint で表現: idol_dress idol_dress_mythic"
assets/sprites/chars/equip/top/idolDress_sleeve_m__gun_gray.png,equip-top,top:idolDress_sleeve_m@gun,上着 アイドル衣装 手前の袖 ♂（銃を持つとき）,idle(6) walk(8) jump(2) climb(4) attack(6) shoot(4) hurt(2) dead(4) drive(1) sit(1),64x112,A,color,"基準点 19,93。色違い 2 種を tint で表現: idol_dress idol_dress_mythic"
assets/sprites/chars/equip/top/idolDress_sleeve_m__magic_gray.png,equip-top,top:idolDress_sleeve_m@magic,上着 アイドル衣装 手前の袖 ♂（杖を持つとき）,idle(6) walk(8) jump(2) climb(4) attack(6) shoot(4) hurt(2) dead(4) drive(1) sit(1),64x112,A,color,"基準点 19,93。色違い 2 種を tint で表現: idol_dress idol_dress_mythic"
assets/sprites/chars/equip/top/idolDress_sleeve_m__melee_gray.png,equip-top,top:idolDress_sleeve_m@melee,上着 アイドル衣装 手前の袖 ♂（近接武器を持つとき）,idle(6) walk(8) jump(2) climb(4) attack(6) shoot(4) hurt(2) dead(4) drive(1) sit(1),64x112,A,color,"基準点 19,93。色違い 2 種を tint で表現: idol_dress idol_dress_mythic"
assets/sprites/chars/equip/top/leatherJacket_sleeve_f__gun_gray.png,equip-top,top:leatherJacket_sleeve_f@gun,上着 レザージャケット 手前の袖 ♀（銃を持つとき）,idle(6) walk(8) jump(2) climb(4) attack(6) shoot(4) hurt(2) dead(4) drive(1) sit(1),80x128,A,color,"基準点 26,115。色違い 2 種を tint で表現: leather_jacket jacket_nebula"
assets/sprites/chars/equip/top/leatherJacket_sleeve_f__magic_gray.png,equip-top,top:leatherJacket_sleeve_f@magic,上着 レザージャケット 手前の袖 ♀（杖を持つとき）,idle(6) walk(8) jump(2) climb(4) attack(6) shoot(4) hurt(2) dead(4) drive(1) sit(1),88x128,A,color,"基準点 26,115。色違い 2 種を tint で表現: leather_jacket jacket_nebula"
assets/sprites/chars/equip/top/leatherJacket_sleeve_m__gun_gray.png,equip-top,top:leatherJacket_sleeve_m@gun,上着 レザージャケット 手前の袖 ♂（銃を持つとき）,idle(6) walk(8) jump(2) climb(4) attack(6) shoot(4) hurt(2) dead(4) drive(1) sit(1),88x128,A,color,"基準点 23,116。色違い 2 種を tint で表現: leather_jacket jacket_nebula"
assets/sprites/chars/equip/top/leatherJacket_sleeve_m__magic_gray.png,equip-top,top:leatherJacket_sleeve_m@magic,上着 レザージャケット 手前の袖 ♂（杖を持つとき）,idle(6) walk(8) jump(2) climb(4) attack(6) shoot(4) hurt(2) dead(4) drive(1) sit(1),96x128,A,color,"基準点 23,116。色違い 2 種を tint で表現: leather_jacket jacket_nebula"
assets/sprites/chars/equip/top/suit_f_gray.png,equip-top,top:suit_f,上着 スーツ ♀,idle(6) walk(8) jump(2) climb(4) attack(6) shoot(4) hurt(2) dead(4) drive(1) sit(1) attack_melee(6) attack_magic(6),104x136,A,color,"基準点 58,115。色違い 3 種を tint で表現: suit_black suit_gold suit_vice"
assets/sprites/chars/equip/top/suit_m_gray.png,equip-top,top:suit_m,上着 スーツ ♂,idle(6) walk(8) jump(2) climb(4) attack(6) shoot(4) hurt(2) dead(4) drive(1) sit(1) attack_melee(6) attack_magic(6),112x144,A,color,"基準点 65,116。色違い 3 種を tint で表現: suit_black suit_gold suit_vice"
assets/sprites/chars/equip/top/suit_sleeve_f_gray.png,equip-top,top:suit_sleeve_f,上着 スーツ 手前の袖 ♀,idle(6) walk(8) jump(2) climb(4) attack(6) shoot(4) hurt(2) dead(4) drive(1) sit(1),88x128,A,color,"基準点 26,115。色違い 3 種を tint で表現: suit_black suit_gold suit_vice"
assets/sprites/chars/equip/top/suit_sleeve_f__gun_gray.png,equip-top,top:suit_sleeve_f@gun,上着 スーツ 手前の袖 ♀（銃を持つとき）,idle(6) walk(8) jump(2) climb(4) attack(6) shoot(4) hurt(2) dead(4) drive(1) sit(1),80x128,A,color,"基準点 26,115。色違い 3 種を tint で表現: suit_black suit_gold suit_vice"
assets/sprites/chars/equip/top/suit_sleeve_f__magic_gray.png,equip-top,top:suit_sleeve_f@magic,上着 スーツ 手前の袖 ♀（杖を持つとき）,idle(6) walk(8) jump(2) climb(4) attack(6) shoot(4) hurt(2) dead(4) drive(1) sit(1),88x128,A,color,"基準点 26,115。色違い 3 種を tint で表現: suit_black suit_gold suit_vice"
assets/sprites/chars/equip/top/suit_sleeve_f__melee_gray.png,equip-top,top:suit_sleeve_f@melee,上着 スーツ 手前の袖 ♀（近接武器を持つとき）,idle(6) walk(8) jump(2) climb(4) attack(6) shoot(4) hurt(2) dead(4) drive(1) sit(1),88x128,A,color,"基準点 26,115。色違い 3 種を tint で表現: suit_black suit_gold suit_vice"
assets/sprites/chars/equip/top/suit_sleeve_m_gray.png,equip-top,top:suit_sleeve_m,上着 スーツ 手前の袖 ♂,idle(6) walk(8) jump(2) climb(4) attack(6) shoot(4) hurt(2) dead(4) drive(1) sit(1),96x128,A,color,"基準点 23,116。色違い 3 種を tint で表現: suit_black suit_gold suit_vice"
assets/sprites/chars/equip/top/suit_sleeve_m__gun_gray.png,equip-top,top:suit_sleeve_m@gun,上着 スーツ 手前の袖 ♂（銃を持つとき）,idle(6) walk(8) jump(2) climb(4) attack(6) shoot(4) hurt(2) dead(4) drive(1) sit(1),88x128,A,color,"基準点 23,116。色違い 3 種を tint で表現: suit_black suit_gold suit_vice"
assets/sprites/chars/equip/top/suit_sleeve_m__magic_gray.png,equip-top,top:suit_sleeve_m@magic,上着 スーツ 手前の袖 ♂（杖を持つとき）,idle(6) walk(8) jump(2) climb(4) attack(6) shoot(4) hurt(2) dead(4) drive(1) sit(1),96x128,A,color,"基準点 23,116。色違い 3 種を tint で表現: suit_black suit_gold suit_vice"
assets/sprites/chars/equip/top/suit_sleeve_m__melee_gray.png,equip-top,top:suit_sleeve_m@melee,上着 スーツ 手前の袖 ♂（近接武器を持つとき）,idle(6) walk(8) jump(2) climb(4) attack(6) shoot(4) hurt(2) dead(4) drive(1) sit(1),96x136,A,color,"基準点 23,117。色違い 3 種を tint で表現: suit_black suit_gold suit_vice"
assets/sprites/chars/equip/top/tshirt_f_gray.png,equip-top,top:tshirt_f,上着 Tシャツ ♀,idle(6) walk(8) jump(2) climb(4) attack(6) shoot(4) hurt(2) dead(4) drive(1) sit(1) attack_melee(6) attack_magic(6),88x112,A,color,"基準点 49,100。色違い 1 種を tint で表現: tshirt_white"
assets/sprites/chars/equip/top/tshirt_m_gray.png,equip-top,top:tshirt_m,上着 Tシャツ ♂,idle(6) walk(8) jump(2) climb(4) attack(6) shoot(4) hurt(2) dead(4) drive(1) sit(1) attack_melee(6) attack_magic(6),96x120,A,color,"基準点 54,100。色違い 1 種を tint で表現: tshirt_white"
assets/sprites/chars/equip/top/tshirt_sleeve_f_gray.png,equip-top,top:tshirt_sleeve_f,上着 Tシャツ 手前の袖 ♀,idle(6) walk(8) jump(2) climb(4) attack(6) shoot(4) hurt(2) dead(4) drive(1) sit(1),80x112,A,color,"基準点 26,100。色違い 1 種を tint で表現: tshirt_white"
assets/sprites/chars/equip/top/tshirt_sleeve_f__gun_gray.png,equip-top,top:tshirt_sleeve_f@gun,上着 Tシャツ 手前の袖 ♀（銃を持つとき）,idle(6) walk(8) jump(2) climb(4) attack(6) shoot(4) hurt(2) dead(4) drive(1) sit(1),72x112,A,color,"基準点 26,100。色違い 1 種を tint で表現: tshirt_white"
assets/sprites/chars/equip/top/tshirt_sleeve_f__magic_gray.png,equip-top,top:tshirt_sleeve_f@magic,上着 Tシャツ 手前の袖 ♀（杖を持つとき）,idle(6) walk(8) jump(2) climb(4) attack(6) shoot(4) hurt(2) dead(4) drive(1) sit(1),72x112,A,color,"基準点 26,100。色違い 1 種を tint で表現: tshirt_white"
assets/sprites/chars/equip/top/tshirt_sleeve_f__melee_gray.png,equip-top,top:tshirt_sleeve_f@melee,上着 Tシャツ 手前の袖 ♀（近接武器を持つとき）,idle(6) walk(8) jump(2) climb(4) attack(6) shoot(4) hurt(2) dead(4) drive(1) sit(1),72x112,A,color,"基準点 26,100。色違い 1 種を tint で表現: tshirt_white"
assets/sprites/chars/equip/top/tshirt_sleeve_m_gray.png,equip-top,top:tshirt_sleeve_m,上着 Tシャツ 手前の袖 ♂,idle(6) walk(8) jump(2) climb(4) attack(6) shoot(4) hurt(2) dead(4) drive(1) sit(1),80x112,A,color,"基準点 23,100。色違い 1 種を tint で表現: tshirt_white"
assets/sprites/chars/equip/top/tshirt_sleeve_m__gun_gray.png,equip-top,top:tshirt_sleeve_m@gun,上着 Tシャツ 手前の袖 ♂（銃を持つとき）,idle(6) walk(8) jump(2) climb(4) attack(6) shoot(4) hurt(2) dead(4) drive(1) sit(1),72x112,A,color,"基準点 23,100。色違い 1 種を tint で表現: tshirt_white"
assets/sprites/chars/equip/top/tshirt_sleeve_m__magic_gray.png,equip-top,top:tshirt_sleeve_m@magic,上着 Tシャツ 手前の袖 ♂（杖を持つとき）,idle(6) walk(8) jump(2) climb(4) attack(6) shoot(4) hurt(2) dead(4) drive(1) sit(1),80x112,A,color,"基準点 23,100。色違い 1 種を tint で表現: tshirt_white"
assets/sprites/chars/equip/top/tshirt_sleeve_m__melee_gray.png,equip-top,top:tshirt_sleeve_m@melee,上着 Tシャツ 手前の袖 ♂（近接武器を持つとき）,idle(6) walk(8) jump(2) climb(4) attack(6) shoot(4) hurt(2) dead(4) drive(1) sit(1),80x112,A,color,"基準点 23,100。色違い 1 種を tint で表現: tshirt_white"
assets/sprites/chars/equip/weapon/katana_f_gray.png,equip-weapon,weapon:katana_f,武器 刀 ♀,idle(6) walk(8) jump(2) climb(4) attack(6) shoot(4) hurt(2) dead(4) drive(1) sit(1),184x200,A,color,"基準点 59,176。色違い 3 種を tint で表現: katana_steel katana_blood katana_plasma"
assets/sprites/chars/equip/weapon/katana_m_gray.png,equip-weapon,weapon:katana_m,武器 刀 ♂,idle(6) walk(8) jump(2) climb(4) attack(6) shoot(4) hurt(2) dead(4) drive(1) sit(1),192x200,A,color,"基準点 57,177。色違い 3 種を tint で表現: katana_steel katana_blood katana_plasma"
assets/sprites/chars/equip/weapon/neonSword_f_gray.png,equip-weapon,weapon:neonSword_f,武器 ネオンソード ♀,idle(6) walk(8) jump(2) climb(4) attack(6) shoot(4) hurt(2) dead(4) drive(1) sit(1),192x216,A,color,"基準点 60,182。色違い 4 種を tint で表現: neon_sword neon_sword_mythic neon_sword_void neon_sword_spire"
assets/sprites/chars/equip/weapon/neonSword_m_gray.png,equip-weapon,weapon:neonSword_m,武器 ネオンソード ♂,idle(6) walk(8) jump(2) climb(4) attack(6) shoot(4) hurt(2) dead(4) drive(1) sit(1),192x216,A,color,"基準点 57,183。色違い 4 種を tint で表現: neon_sword neon_sword_mythic neon_sword_void neon_sword_spire"
assets/sprites/chars/equip/weapon/pistol_f_gray.png,equip-weapon,weapon:pistol_f,武器 拳銃 ♀,idle(6) walk(8) jump(2) climb(4) attack(6) shoot(4) hurt(2) dead(4) drive(1) sit(1),104x144,A,color,"基準点 12,131。色違い 5 種を tint で表現: pistol_9mm pistol_gold pistol_mythic pistol_ray pistol_spire"
assets/sprites/chars/equip/weapon/pistol_m_gray.png,equip-weapon,weapon:pistol_m,武器 拳銃 ♂,idle(6) walk(8) jump(2) climb(4) attack(6) shoot(4) hurt(2) dead(4) drive(1) sit(1),112x144,A,color,"基準点 12,132。色違い 5 種を tint で表現: pistol_9mm pistol_gold pistol_mythic pistol_ray pistol_spire"
assets/sprites/chars/equip/weapon/smg_f_gray.png,equip-weapon,weapon:smg_f,武器 サブマシンガン ♀,idle(6) walk(8) jump(2) climb(4) attack(6) shoot(4) hurt(2) dead(4) drive(1) sit(1),120x160,A,color,"基準点 12,143。色違い 3 種を tint で表現: smg_compact smg_neon smg_galaxy"
assets/sprites/chars/equip/weapon/smg_m_gray.png,equip-weapon,weapon:smg_m,武器 サブマシンガン ♂,idle(6) walk(8) jump(2) climb(4) attack(6) shoot(4) hurt(2) dead(4) drive(1) sit(1),128x160,A,color,"基準点 12,144。色違い 3 種を tint で表現: smg_compact smg_neon smg_galaxy"
assets/sprites/enemies/alien_grey.png,enemy,alien_grey,グレイ,idle(4) walk(6) windup(2) attack(4) hurt(2) dead(4),88x160,A,,"基準点 45,144。宇宙港 Lv49 art=alien 主色#c9ccd6 画面上 約34x56px。art「alien」の代表（enemies/alien.png として置けば同じ art の他の敵の代用にもなる）"
assets/sprites/enemies/cop_patrol.png,enemy,cop_patrol,パトロール警官,idle(4) walk(6) windup(2) attack(4) hurt(2) dead(4),208x200,A,,"基準点 112,173。警察 Lv14 art=cop 主色#3a6bff 画面上 約58x82px。art「cop」の代表（enemies/cop.png として置けば同じ art の他の敵の代用にもなる）。警察（手配度で出現）。人型"
assets/sprites/enemies/crab_sand.png,enemy,crab_sand,サンドクラブ,idle(4) walk(6) windup(2) attack(4) hurt(2) dead(4),136x96,A,,"基準点 62,77。ビーチ Lv2 art=crab 主色#ff8a5c 画面上 約46x30px。art「crab」の代表（enemies/crab.png として置けば同じ art の他の敵の代用にもなる）"
assets/sprites/enemies/drone_peeping.png,enemy,drone_peeping,のぞき見ドローン,idle(4) walk(6) windup(2) attack(4) hurt(2) dead(4),136x104,A,,"基準点 67,85。ダウンタウン Lv13 art=drone 主色#ff8a00 画面上 約42x28px。飛ぶ敵: walk 行に飛行モーション（行名 fly でも可）。art「drone」の代表（enemies/drone.png として置けば同じ art の他の敵の代用にもなる）"
assets/sprites/enemies/flamingo.png,enemy,flamingo,ヤンキーフラミンゴ,idle(4) walk(6) windup(2) attack(4) hurt(2) dead(4),136x184,A,,"基準点 64,170。ビーチ Lv7 art=flamingo 主色#ff7fb0 画面上 約40x70px。art「flamingo」の代表（enemies/flamingo.png として置けば同じ art の他の敵の代用にもなる）"
assets/sprites/enemies/gator_swamp.png,enemy,gator_swamp,沼ワニ,idle(4) walk(6) windup(2) attack(4) hurt(2) dead(4),248x112,A,,"基準点 129,94。スワンプ Lv27 art=gator 主色#3f8f3a 画面上 約90x40px。art「gator」の代表（enemies/gator.png として置けば同じ art の他の敵の代用にもなる）"
assets/sprites/enemies/ghost_chip.png,enemy,ghost_chip,チップの亡霊,idle(4) walk(6) windup(2) attack(4) hurt(2) dead(4),144x144,A,,"基準点 69,126。カジノ Lv51 art=ghost 主色#e8f0ff 画面上 約42x50px。飛ぶ敵: walk 行に飛行モーション（行名 fly でも可）。art「ghost」の代表（enemies/ghost.png として置けば同じ art の他の敵の代用にもなる）"
assets/sprites/enemies/golem_steel.png,enemy,golem_steel,スチールゴーレム,idle(4) walk(6) windup(2) attack(4) hurt(2) dead(4),248x248,A,,"基準点 88,230。摩天楼 Lv61 art=golem 主色#7a7f8c 画面上 約84x96px。art「golem」の代表（enemies/golem.png として置けば同じ art の他の敵の代用にもなる）"
assets/sprites/enemies/jellyfish_pier.png,enemy,jellyfish_pier,ピアクラゲ,idle(4) walk(6) windup(2) attack(4) hurt(2) dead(4),136x144,A,,"基準点 66,126。ビーチ Lv7 art=jellyfish 主色#bff6ff 画面上 約40x46px。飛ぶ敵: walk 行に飛行モーション（行名 fly でも可）。art「jellyfish」の代表（enemies/jellyfish.png として置けば同じ art の他の敵の代用にもなる）"
assets/sprites/enemies/mosquito_swamp.png,enemy,mosquito_swamp,ヌマカ,idle(4) walk(6) windup(2) attack(4) hurt(2) dead(4),136x80,A,,"基準点 61,68。スワンプ Lv23 art=mosquito 主色#6a8f2a 画面上 約34x26px。飛ぶ敵: walk 行に飛行モーション（行名 fly でも可）。art「mosquito」の代表（enemies/mosquito.png として置けば同じ art の他の敵の代用にもなる）"
assets/sprites/enemies/mushroom_orange.png,enemy,mushroom_orange,ビーチマッシュ,idle(4) walk(6) windup(2) attack(4) hurt(2) dead(4),120x128,A,,"基準点 59,111。ビーチ Lv5 art=mushroom 主色#ff8a00 画面上 約44x48px。art「mushroom」の代表（enemies/mushroom.png として置けば同じ art の他の敵の代用にもなる）"
assets/sprites/enemies/rat_alley.png,enemy,rat_alley,ドブネズミ,idle(4) walk(6) windup(2) attack(4) hurt(2) dead(4),120x80,A,,"基準点 62,65。ダウンタウン Lv11 art=rat 主色#7a6a5a 画面上 約40x26px。art「rat」の代表（enemies/rat.png として置けば同じ art の他の敵の代用にもなる）"
assets/sprites/enemies/robot_scrap.png,enemy,robot_scrap,スクラップロボ,idle(4) walk(6) windup(2) attack(4) hurt(2) dead(4),128x176,A,,"基準点 57,157。スラム/港 Lv35 art=robot 主色#a8502a 画面上 約46x60px。art「robot」の代表（enemies/robot.png として置けば同じ art の他の敵の代用にもなる）"
assets/sprites/enemies/seagull_beach.png,enemy,seagull_beach,ポテト泥棒カモメ,idle(4) walk(6) windup(2) attack(4) hurt(2) dead(4),128x88,A,,"基準点 62,71。ビーチ Lv4 art=seagull 主色#f4f4f4 画面上 約44x30px。飛ぶ敵: walk 行に飛行モーション（行名 fly でも可）。art「seagull」の代表（enemies/seagull.png として置けば同じ art の他の敵の代用にもなる）"
assets/sprites/enemies/slime_green.png,enemy,slime_green,ソーダスライム,idle(4) walk(6) windup(2) attack(4) hurt(2) dead(4),144x104,A,,"基準点 70,89。ビーチ Lv1 art=slime 主色#5cff9a 画面上 約40x32px。art「slime」の代表（enemies/slime.png として置けば同じ art の他の敵の代用にもなる）"
assets/sprites/enemies/snake_reed.png,enemy,snake_reed,アシヘビ,idle(4) walk(6) windup(2) attack(4) hurt(2) dead(4),168x80,A,,"基準点 72,68。スワンプ Lv25 art=snake 主色#8fbf3a 画面上 約60x24px。art「snake」の代表（enemies/snake.png として置けば同じ art の他の敵の代用にもなる）"
assets/sprites/enemies/swat_trooper.png,enemy,swat_trooper,SWAT隊員,idle(4) walk(6) windup(2) attack(4) hurt(2) dead(4),216x208,A,,"基準点 115,177。警察 Lv36 art=swat 主色#2a3020 画面上 約60x84px。art「swat」の代表（enemies/swat.png として置けば同じ art の他の敵の代用にもなる）。警察（手配度で出現）。人型"
assets/sprites/enemies/thug_punk.png,enemy,thug_punk,ストリートチンピラ,idle(4) walk(6) windup(2) attack(4) hurt(2) dead(4),232x200,A,,"基準点 120,169。ダウンタウン Lv11 art=thug 主色#39ff6a 画面上 約58x82px。art「thug」の代表（enemies/thug.png として置けば同じ art の他の敵の代用にもなる）。人型"
assets/sprites/pets/alienPet.png,pet,alienPet,PET ピポ,idle(4) walk(6) fly(4) pick(4),96x128,A,,"基準点 45,116。超レアドロップのマスコット。画面上 高さ 28〜40px"
assets/sprites/pets/catPet.png,pet,catPet,PET ネオンにゃん,idle(4) walk(6) fly(4) pick(4),88x120,A,,"基準点 46,108。超レアドロップのマスコット。画面上 高さ 28〜40px"
assets/sprites/pets/dolphinPet.png,pet,dolphinPet,PET ドルフィ,idle(4) walk(6) fly(4) pick(4),88x128,A,,"基準点 43,111。超レアドロップのマスコット。画面上 高さ 28〜40px"
assets/sprites/pets/dragonPet.png,pet,dragonPet,PET ネオンドラゴン,idle(4) walk(6) fly(4) pick(4),120x136,A,,"基準点 56,123。超レアドロップのマスコット。画面上 高さ 28〜40px"
assets/sprites/pets/dronePet.png,pet,dronePet,PET ピコドローン,idle(4) walk(6) fly(4) pick(4),80x120,A,,"基準点 38,105。超レアドロップのマスコット。画面上 高さ 28〜40px"
assets/sprites/pets/flamingoPet.png,pet,flamingoPet,PET フラミー,idle(4) walk(6) fly(4) pick(4),96x128,A,,"基準点 42,112。超レアドロップのマスコット。画面上 高さ 28〜40px"
assets/sprites/pets/gatorPet.png,pet,gatorPet,PET ワニ太郎,idle(4) walk(6) fly(4) pick(4),120x112,A,,"基準点 58,93。超レアドロップのマスコット。画面上 高さ 28〜40px"
assets/sprites/pets/ghostPet.png,pet,ghostPet,PET チップくん,idle(4) walk(6) fly(4) pick(4),96x128,A,,"基準点 45,113。超レアドロップのマスコット。画面上 高さ 28〜40px"
assets/sprites/pets/robotPet.png,pet,robotPet,PET ボルトくん,idle(4) walk(6) fly(4) pick(4),88x136,A,,"基準点 42,117。超レアドロップのマスコット。画面上 高さ 28〜40px"
assets/sprites/pets/slimePet.png,pet,slimePet,PET プルプル,idle(4) walk(6) fly(4) pick(4),88x112,A,,"基準点 41,96。超レアドロップのマスコット。画面上 高さ 28〜40px"
assets/sprites/chars/equip/accessory/mask_f_gray.png,equip-accessory,accessory:mask_f,アクセサリー マスク ♀,idle(6) walk(8) jump(2) climb(4) attack(6) shoot(4) hurt(2) dead(4) drive(1) sit(1) attack_melee(6) attack_magic(6),120x144,B,color,"基準点 69,125。色違い 1 種を tint で表現: mask_skull"
assets/sprites/chars/equip/accessory/mask_m_gray.png,equip-accessory,accessory:mask_m,アクセサリー マスク ♂,idle(6) walk(8) jump(2) climb(4) attack(6) shoot(4) hurt(2) dead(4) drive(1) sit(1) attack_melee(6) attack_magic(6),120x144,B,color,"基準点 69,125。色違い 1 種を tint で表現: mask_skull"
assets/sprites/chars/equip/accessory/scarf_back_f_gray.png,equip-accessory,accessory:scarf_back_f,アクセサリー マフラー 背面パーツ ♀,idle(6) walk(8) jump(2) climb(4) attack(6) shoot(4) hurt(2) dead(4) drive(1) sit(1) attack_melee(6) attack_magic(6),80x120,B,color,"基準点 63,90。色違い 1 種を tint で表現: scarf_red"
assets/sprites/chars/equip/accessory/scarf_back_m_gray.png,equip-accessory,accessory:scarf_back_m,アクセサリー マフラー 背面パーツ ♂,idle(6) walk(8) jump(2) climb(4) attack(6) shoot(4) hurt(2) dead(4) drive(1) sit(1) attack_melee(6) attack_magic(6),80x120,B,color,"基準点 63,89。色違い 1 種を tint で表現: scarf_red"
assets/sprites/chars/equip/accessory/scarf_f_gray.png,equip-accessory,accessory:scarf_f,アクセサリー マフラー ♀,idle(6) walk(8) jump(2) climb(4) attack(6) shoot(4) hurt(2) dead(4) drive(1) sit(1) attack_melee(6) attack_magic(6),80x112,B,color,"基準点 41,94。色違い 1 種を tint で表現: scarf_red"
assets/sprites/chars/equip/accessory/scarf_m_gray.png,equip-accessory,accessory:scarf_m,アクセサリー マフラー ♂,idle(6) walk(8) jump(2) climb(4) attack(6) shoot(4) hurt(2) dead(4) drive(1) sit(1) attack_melee(6) attack_magic(6),80x112,B,color,"基準点 40,93。色違い 1 種を tint で表現: scarf_red"
assets/sprites/chars/equip/bottom/armorPants_f_gray.png,equip-bottom,bottom:armorPants_f,下衣 アーマーパンツ ♀,idle(6) walk(8) jump(2) climb(4) attack(6) shoot(4) hurt(2) dead(4) drive(1) sit(1) attack_melee(6) attack_magic(6),120x72,B,color,"基準点 43,56。色違い 2 種を tint で表現: armor_pants pants_astro"
assets/sprites/chars/equip/bottom/armorPants_m_gray.png,equip-bottom,bottom:armorPants_m,下衣 アーマーパンツ ♂,idle(6) walk(8) jump(2) climb(4) attack(6) shoot(4) hurt(2) dead(4) drive(1) sit(1) attack_melee(6) attack_magic(6),120x80,B,color,"基準点 46,59。色違い 2 種を tint で表現: armor_pants pants_astro"
assets/sprites/chars/equip/bottom/cargo_f_gray.png,equip-bottom,bottom:cargo_f,下衣 カーゴパンツ ♀,idle(6) walk(8) jump(2) climb(4) attack(6) shoot(4) hurt(2) dead(4) drive(1) sit(1) attack_melee(6) attack_magic(6),120x72,B,color,"基準点 43,58。色違い 1 種を tint で表現: cargo_khaki"
assets/sprites/chars/equip/bottom/cargo_m_gray.png,equip-bottom,bottom:cargo_m,下衣 カーゴパンツ ♂,idle(6) walk(8) jump(2) climb(4) attack(6) shoot(4) hurt(2) dead(4) drive(1) sit(1) attack_melee(6) attack_magic(6),128x80,B,color,"基準点 47,59。色違い 1 種を tint で表現: cargo_khaki"
assets/sprites/chars/equip/bottom/skirt_m_gray.png,equip-bottom,bottom:skirt_m,下衣 スカート ♂,idle(6) walk(8) jump(2) climb(4) attack(6) shoot(4) hurt(2) dead(4) drive(1) sit(1) attack_melee(6) attack_magic(6),96x80,B,color,"基準点 37,61。色違い 2 種を tint で表現: skirt_pink skirt_star"
assets/sprites/chars/hair/braid_back_f_gray.png,char-hair,hair:braid_back_f,髪 三つ編み 後ろ髪 ♀,idle(6) walk(8) jump(2) climb(4) attack(6) shoot(4) hurt(2) dead(4) drive(1) sit(1) attack_melee(6) attack_magic(6),168x200,B,hairColor,"基準点 104,167。体より奥"
assets/sprites/chars/hair/braid_back_m_gray.png,char-hair,hair:braid_back_m,髪 三つ編み 後ろ髪 ♂,idle(6) walk(8) jump(2) climb(4) attack(6) shoot(4) hurt(2) dead(4) drive(1) sit(1) attack_melee(6) attack_magic(6),176x200,B,hairColor,"基準点 105,168。体より奥"
assets/sprites/chars/hair/braid_front_f_gray.png,char-hair,hair:braid_front_f,髪 三つ編み 前髪 ♀,idle(6) walk(8) jump(2) climb(4) attack(6) shoot(4) hurt(2) dead(4) drive(1) sit(1) attack_melee(6) attack_magic(6),176x192,B,hairColor,"基準点 112,175。顔より手前"
assets/sprites/chars/hair/braid_front_m_gray.png,char-hair,hair:braid_front_m,髪 三つ編み 前髪 ♂,idle(6) walk(8) jump(2) climb(4) attack(6) shoot(4) hurt(2) dead(4) drive(1) sit(1) attack_melee(6) attack_magic(6),184x192,B,hairColor,"基準点 114,177。顔より手前"
assets/sprites/chars/hair/bun_back_f_gray.png,char-hair,hair:bun_back_f,髪 おだんご 後ろ髪 ♀,idle(6) walk(8) jump(2) climb(4) attack(6) shoot(4) hurt(2) dead(4) drive(1) sit(1) attack_melee(6) attack_magic(6),184x192,B,hairColor,"基準点 117,179。体より奥"
assets/sprites/chars/hair/bun_back_m_gray.png,char-hair,hair:bun_back_m,髪 おだんご 後ろ髪 ♂,idle(6) walk(8) jump(2) climb(4) attack(6) shoot(4) hurt(2) dead(4) drive(1) sit(1) attack_melee(6) attack_magic(6),184x200,B,hairColor,"基準点 120,182。体より奥"
assets/sprites/chars/hair/bun_front_f_gray.png,char-hair,hair:bun_front_f,髪 おだんご 前髪 ♀,idle(6) walk(8) jump(2) climb(4) attack(6) shoot(4) hurt(2) dead(4) drive(1) sit(1) attack_melee(6) attack_magic(6),176x192,B,hairColor,"基準点 112,177。顔より手前"
assets/sprites/chars/hair/bun_front_m_gray.png,char-hair,hair:bun_front_m,髪 おだんご 前髪 ♂,idle(6) walk(8) jump(2) climb(4) attack(6) shoot(4) hurt(2) dead(4) drive(1) sit(1) attack_melee(6) attack_magic(6),184x192,B,hairColor,"基準点 114,180。顔より手前"
assets/sprites/chars/hair/curly_back_f_gray.png,char-hair,hair:curly_back_f,髪 カーリー 後ろ髪 ♀,idle(6) walk(8) jump(2) climb(4) attack(6) shoot(4) hurt(2) dead(4) drive(1) sit(1) attack_melee(6) attack_magic(6),200x208,B,hairColor,"基準点 121,182。体より奥"
assets/sprites/chars/hair/curly_back_m_gray.png,char-hair,hair:curly_back_m,髪 カーリー 後ろ髪 ♂,idle(6) walk(8) jump(2) climb(4) attack(6) shoot(4) hurt(2) dead(4) drive(1) sit(1) attack_melee(6) attack_magic(6),208x216,B,hairColor,"基準点 123,185。体より奥"
assets/sprites/chars/hair/curly_front_f_gray.png,char-hair,hair:curly_front_f,髪 カーリー 前髪 ♀,idle(6) walk(8) jump(2) climb(4) attack(6) shoot(4) hurt(2) dead(4) drive(1) sit(1) attack_melee(6) attack_magic(6),200x200,B,hairColor,"基準点 120,182。顔より手前"
assets/sprites/chars/hair/curly_front_m_gray.png,char-hair,hair:curly_front_m,髪 カーリー 前髪 ♂,idle(6) walk(8) jump(2) climb(4) attack(6) shoot(4) hurt(2) dead(4) drive(1) sit(1) attack_melee(6) attack_magic(6),208x208,B,hairColor,"基準点 123,184。顔より手前"
assets/sprites/chars/hair/long_back_f_gray.png,char-hair,hair:long_back_f,髪 ロング 後ろ髪 ♀,idle(6) walk(8) jump(2) climb(4) attack(6) shoot(4) hurt(2) dead(4) drive(1) sit(1) attack_melee(6) attack_magic(6),168x184,B,hairColor,"基準点 104,167。体より奥"
assets/sprites/chars/hair/long_back_m_gray.png,char-hair,hair:long_back_m,髪 ロング 後ろ髪 ♂,idle(6) walk(8) jump(2) climb(4) attack(6) shoot(4) hurt(2) dead(4) drive(1) sit(1) attack_melee(6) attack_magic(6),176x192,B,hairColor,"基準点 105,168。体より奥"
assets/sprites/chars/hair/long_front_f_gray.png,char-hair,hair:long_front_f,髪 ロング 前髪 ♀,idle(6) walk(8) jump(2) climb(4) attack(6) shoot(4) hurt(2) dead(4) drive(1) sit(1) attack_melee(6) attack_magic(6),176x192,B,hairColor,"基準点 112,175。顔より手前"
assets/sprites/chars/hair/long_front_m_gray.png,char-hair,hair:long_front_m,髪 ロング 前髪 ♂,idle(6) walk(8) jump(2) climb(4) attack(6) shoot(4) hurt(2) dead(4) drive(1) sit(1) attack_melee(6) attack_magic(6),184x192,B,hairColor,"基準点 114,177。顔より手前"
assets/sprites/chars/hair/messy_back_f_gray.png,char-hair,hair:messy_back_f,髪 ふわくせ毛 後ろ髪 ♀,idle(6) walk(8) jump(2) climb(4) attack(6) shoot(4) hurt(2) dead(4) drive(1) sit(1) attack_melee(6) attack_magic(6),168x184,B,hairColor,"基準点 104,167。体より奥"
assets/sprites/chars/hair/messy_back_m_gray.png,char-hair,hair:messy_back_m,髪 ふわくせ毛 後ろ髪 ♂,idle(6) walk(8) jump(2) climb(4) attack(6) shoot(4) hurt(2) dead(4) drive(1) sit(1) attack_melee(6) attack_magic(6),176x184,B,hairColor,"基準点 105,168。体より奥"
assets/sprites/chars/hair/messy_front_f_gray.png,char-hair,hair:messy_front_f,髪 ふわくせ毛 前髪 ♀,idle(6) walk(8) jump(2) climb(4) attack(6) shoot(4) hurt(2) dead(4) drive(1) sit(1) attack_melee(6) attack_magic(6),192x200,B,hairColor,"基準点 124,187。顔より手前"
assets/sprites/chars/hair/messy_front_m_gray.png,char-hair,hair:messy_front_m,髪 ふわくせ毛 前髪 ♂,idle(6) walk(8) jump(2) climb(4) attack(6) shoot(4) hurt(2) dead(4) drive(1) sit(1) attack_melee(6) attack_magic(6),192x208,B,hairColor,"基準点 126,190。顔より手前"
assets/sprites/chars/hair/sidepart_back_f_gray.png,char-hair,hair:sidepart_back_f,髪 メカクレ 後ろ髪 ♀,idle(6) walk(8) jump(2) climb(4) attack(6) shoot(4) hurt(2) dead(4) drive(1) sit(1) attack_melee(6) attack_magic(6),168x184,B,hairColor,"基準点 104,167。体より奥"
assets/sprites/chars/hair/sidepart_back_m_gray.png,char-hair,hair:sidepart_back_m,髪 メカクレ 後ろ髪 ♂,idle(6) walk(8) jump(2) climb(4) attack(6) shoot(4) hurt(2) dead(4) drive(1) sit(1) attack_melee(6) attack_magic(6),176x184,B,hairColor,"基準点 105,168。体より奥"
assets/sprites/chars/hair/sidepart_front_f_gray.png,char-hair,hair:sidepart_front_f,髪 メカクレ 前髪 ♀,idle(6) walk(8) jump(2) climb(4) attack(6) shoot(4) hurt(2) dead(4) drive(1) sit(1) attack_melee(6) attack_magic(6),184x192,B,hairColor,"基準点 112,175。顔より手前"
assets/sprites/chars/hair/sidepart_front_m_gray.png,char-hair,hair:sidepart_front_m,髪 メカクレ 前髪 ♂,idle(6) walk(8) jump(2) climb(4) attack(6) shoot(4) hurt(2) dead(4) drive(1) sit(1) attack_melee(6) attack_magic(6),184x192,B,hairColor,"基準点 114,177。顔より手前"
assets/sprites/chars/hair/topknot_back_f_gray.png,char-hair,hair:topknot_back_f,髪 ちょんまげ 後ろ髪 ♀,idle(6) walk(8) jump(2) climb(4) attack(6) shoot(4) hurt(2) dead(4) drive(1) sit(1) attack_melee(6) attack_magic(6),184x200,B,hairColor,"基準点 121,184。体より奥"
assets/sprites/chars/hair/topknot_back_m_gray.png,char-hair,hair:topknot_back_m,髪 ちょんまげ 後ろ髪 ♂,idle(6) walk(8) jump(2) climb(4) attack(6) shoot(4) hurt(2) dead(4) drive(1) sit(1) attack_melee(6) attack_magic(6),192x200,B,hairColor,"基準点 123,187。体より奥"
assets/sprites/chars/hair/topknot_front_f_gray.png,char-hair,hair:topknot_front_f,髪 ちょんまげ 前髪 ♀,idle(6) walk(8) jump(2) climb(4) attack(6) shoot(4) hurt(2) dead(4) drive(1) sit(1) attack_melee(6) attack_magic(6),176x200,B,hairColor,"基準点 111,183。顔より手前"
assets/sprites/chars/hair/topknot_front_m_gray.png,char-hair,hair:topknot_front_m,髪 ちょんまげ 前髪 ♂,idle(6) walk(8) jump(2) climb(4) attack(6) shoot(4) hurt(2) dead(4) drive(1) sit(1) attack_melee(6) attack_magic(6),184x200,B,hairColor,"基準点 113,185。顔より手前"
assets/sprites/chars/hair/undercut_back_f_gray.png,char-hair,hair:undercut_back_f,髪 アンダーカット 後ろ髪 ♀,idle(6) walk(8) jump(2) climb(4) attack(6) shoot(4) hurt(2) dead(4) drive(1) sit(1) attack_melee(6) attack_magic(6),168x184,B,hairColor,"基準点 104,167。体より奥"
assets/sprites/chars/hair/undercut_back_m_gray.png,char-hair,hair:undercut_back_m,髪 アンダーカット 後ろ髪 ♂,idle(6) walk(8) jump(2) climb(4) attack(6) shoot(4) hurt(2) dead(4) drive(1) sit(1) attack_melee(6) attack_magic(6),176x184,B,hairColor,"基準点 105,168。体より奥"
assets/sprites/chars/hair/undercut_front_f_gray.png,char-hair,hair:undercut_front_f,髪 アンダーカット 前髪 ♀,idle(6) walk(8) jump(2) climb(4) attack(6) shoot(4) hurt(2) dead(4) drive(1) sit(1) attack_melee(6) attack_magic(6),192x192,B,hairColor,"基準点 116,179。顔より手前"
assets/sprites/chars/hair/undercut_front_m_gray.png,char-hair,hair:undercut_front_m,髪 アンダーカット 前髪 ♂,idle(6) walk(8) jump(2) climb(4) attack(6) shoot(4) hurt(2) dead(4) drive(1) sit(1) attack_melee(6) attack_magic(6),192x200,B,hairColor,"基準点 118,181。顔より手前"
assets/sprites/chars/equip/hat/bandana_f_gray.png,equip-hat,hat:bandana_f,帽子 バンダナ ♀,idle(6) walk(8) jump(2) climb(4) attack(6) shoot(4) hurt(2) dead(4) drive(1) sit(1) attack_melee(6) attack_magic(6),176x184,B,color,"基準点 112,164。色違い 1 種を tint で表現: bandana_red"
assets/sprites/chars/equip/hat/bandana_m_gray.png,equip-hat,hat:bandana_m,帽子 バンダナ ♂,idle(6) walk(8) jump(2) climb(4) attack(6) shoot(4) hurt(2) dead(4) drive(1) sit(1) attack_melee(6) attack_magic(6),184x184,B,color,"基準点 114,166。色違い 1 種を tint で表現: bandana_red"
assets/sprites/chars/equip/hat/beanie_f_gray.png,equip-hat,hat:beanie_f,帽子 ビーニー ♀,idle(6) walk(8) jump(2) climb(4) attack(6) shoot(4) hurt(2) dead(4) drive(1) sit(1) attack_melee(6) attack_magic(6),184x192,B,color,"基準点 115,179。色違い 1 種を tint で表現: beanie_gray"
assets/sprites/chars/equip/hat/beanie_m_gray.png,equip-hat,hat:beanie_m,帽子 ビーニー ♂,idle(6) walk(8) jump(2) climb(4) attack(6) shoot(4) hurt(2) dead(4) drive(1) sit(1) attack_melee(6) attack_magic(6),184x200,B,color,"基準点 117,181。色違い 1 種を tint で表現: beanie_gray"
assets/sprites/chars/equip/hat/cap_f_gray.png,equip-hat,hat:cap_f,帽子 キャップ ♀,idle(6) walk(8) jump(2) climb(4) attack(6) shoot(4) hurt(2) dead(4) drive(1) sit(1) attack_melee(6) attack_magic(6),184x184,B,color,"基準点 105,169。色違い 1 種を tint で表現: cap_street"
assets/sprites/chars/equip/hat/catEars_m_gray.png,equip-hat,hat:catEars_m,帽子 ネコミミ ♂,idle(6) walk(8) jump(2) climb(4) attack(6) shoot(4) hurt(2) dead(4) drive(1) sit(1) attack_melee(6) attack_magic(6),176x192,B,color,"基準点 120,180。色違い 3 種を tint で表現: cat_ears_pink cat_ears_neon cat_ears_cosmic"
assets/sprites/chars/equip/hat/cowboy_f_gray.png,equip-hat,hat:cowboy_f,帽子 カウボーイハット ♀,idle(6) walk(8) jump(2) climb(4) attack(6) shoot(4) hurt(2) dead(4) drive(1) sit(1) attack_melee(6) attack_magic(6),200x200,B,color,"基準点 117,179。色違い 1 種を tint で表現: cowboy_hat"
assets/sprites/chars/equip/hat/cowboy_m_gray.png,equip-hat,hat:cowboy_m,帽子 カウボーイハット ♂,idle(6) walk(8) jump(2) climb(4) attack(6) shoot(4) hurt(2) dead(4) drive(1) sit(1) attack_melee(6) attack_magic(6),208x208,B,color,"基準点 119,181。色違い 1 種を tint で表現: cowboy_hat"
assets/sprites/chars/equip/shoes/loafers_f_gray.png,equip-shoes,shoes:loafers_f,靴 ローファー ♀,idle(6) walk(8) jump(2) climb(4) attack(6) shoot(4) hurt(2) dead(4) drive(1) sit(1) attack_melee(6) attack_magic(6),120x64,B,color,"基準点 42,45。色違い 1 種を tint で表現: loafers_brown"
assets/sprites/chars/equip/shoes/loafers_m_gray.png,equip-shoes,shoes:loafers_m,靴 ローファー ♂,idle(6) walk(8) jump(2) climb(4) attack(6) shoot(4) hurt(2) dead(4) drive(1) sit(1) attack_melee(6) attack_magic(6),120x64,B,color,"基準点 45,47。色違い 1 種を tint で表現: loafers_brown"
assets/sprites/chars/equip/shoes/sandals_f_gray.png,equip-shoes,shoes:sandals_f,靴 サンダル ♀,idle(6) walk(8) jump(2) climb(4) attack(6) shoot(4) hurt(2) dead(4) drive(1) sit(1) attack_melee(6) attack_magic(6),120x56,B,color,"基準点 42,43。色違い 1 種を tint で表現: sandals_beach"
assets/sprites/chars/equip/shoes/sandals_m_gray.png,equip-shoes,shoes:sandals_m,靴 サンダル ♂,idle(6) walk(8) jump(2) climb(4) attack(6) shoot(4) hurt(2) dead(4) drive(1) sit(1) attack_melee(6) attack_magic(6),120x64,B,color,"基準点 45,46。色違い 1 種を tint で表現: sandals_beach"
assets/sprites/chars/equip/top/armorVest_f_gray.png,equip-top,top:armorVest_f,上着 アーマーベスト ♀,idle(6) walk(8) jump(2) climb(4) attack(6) shoot(4) hurt(2) dead(4) drive(1) sit(1) attack_melee(6) attack_magic(6),88x112,B,color,"基準点 49,100。色違い 2 種を tint で表現: armor_vest armor_astro"
assets/sprites/chars/equip/top/armorVest_m_gray.png,equip-top,top:armorVest_m,上着 アーマーベスト ♂,idle(6) walk(8) jump(2) climb(4) attack(6) shoot(4) hurt(2) dead(4) drive(1) sit(1) attack_melee(6) attack_magic(6),96x120,B,color,"基準点 54,100。色違い 2 種を tint で表現: armor_vest armor_astro"
assets/sprites/chars/equip/top/armorVest_sleeve_f_gray.png,equip-top,top:armorVest_sleeve_f,上着 アーマーベスト 手前の袖 ♀,idle(6) walk(8) jump(2) climb(4) attack(6) shoot(4) hurt(2) dead(4) drive(1) sit(1),80x112,B,color,"基準点 26,100。色違い 2 種を tint で表現: armor_vest armor_astro"
assets/sprites/chars/equip/top/armorVest_sleeve_f__gun_gray.png,equip-top,top:armorVest_sleeve_f@gun,上着 アーマーベスト 手前の袖 ♀（銃を持つとき）,idle(6) walk(8) jump(2) climb(4) attack(6) shoot(4) hurt(2) dead(4) drive(1) sit(1),72x112,B,color,"基準点 26,100。色違い 2 種を tint で表現: armor_vest armor_astro"
assets/sprites/chars/equip/top/armorVest_sleeve_f__magic_gray.png,equip-top,top:armorVest_sleeve_f@magic,上着 アーマーベスト 手前の袖 ♀（杖を持つとき）,idle(6) walk(8) jump(2) climb(4) attack(6) shoot(4) hurt(2) dead(4) drive(1) sit(1),72x112,B,color,"基準点 26,100。色違い 2 種を tint で表現: armor_vest armor_astro"
assets/sprites/chars/equip/top/armorVest_sleeve_f__melee_gray.png,equip-top,top:armorVest_sleeve_f@melee,上着 アーマーベスト 手前の袖 ♀（近接武器を持つとき）,idle(6) walk(8) jump(2) climb(4) attack(6) shoot(4) hurt(2) dead(4) drive(1) sit(1),72x112,B,color,"基準点 26,100。色違い 2 種を tint で表現: armor_vest armor_astro"
assets/sprites/chars/equip/top/armorVest_sleeve_m_gray.png,equip-top,top:armorVest_sleeve_m,上着 アーマーベスト 手前の袖 ♂,idle(6) walk(8) jump(2) climb(4) attack(6) shoot(4) hurt(2) dead(4) drive(1) sit(1),80x112,B,color,"基準点 23,100。色違い 2 種を tint で表現: armor_vest armor_astro"
assets/sprites/chars/equip/top/armorVest_sleeve_m__gun_gray.png,equip-top,top:armorVest_sleeve_m@gun,上着 アーマーベスト 手前の袖 ♂（銃を持つとき）,idle(6) walk(8) jump(2) climb(4) attack(6) shoot(4) hurt(2) dead(4) drive(1) sit(1),72x112,B,color,"基準点 23,100。色違い 2 種を tint で表現: armor_vest armor_astro"
assets/sprites/chars/equip/top/armorVest_sleeve_m__magic_gray.png,equip-top,top:armorVest_sleeve_m@magic,上着 アーマーベスト 手前の袖 ♂（杖を持つとき）,idle(6) walk(8) jump(2) climb(4) attack(6) shoot(4) hurt(2) dead(4) drive(1) sit(1),80x112,B,color,"基準点 23,100。色違い 2 種を tint で表現: armor_vest armor_astro"
assets/sprites/chars/equip/top/armorVest_sleeve_m__melee_gray.png,equip-top,top:armorVest_sleeve_m@melee,上着 アーマーベスト 手前の袖 ♂（近接武器を持つとき）,idle(6) walk(8) jump(2) climb(4) attack(6) shoot(4) hurt(2) dead(4) drive(1) sit(1),80x112,B,color,"基準点 23,100。色違い 2 種を tint で表現: armor_vest armor_astro"
assets/sprites/chars/equip/top/hawaiian_f_gray.png,equip-top,top:hawaiian_f,上着 アロハシャツ ♀,idle(6) walk(8) jump(2) climb(4) attack(6) shoot(4) hurt(2) dead(4) drive(1) sit(1) attack_melee(6) attack_magic(6),88x112,B,color,"基準点 49,100。色違い 1 種を tint で表現: hawaiian_shirt"
assets/sprites/chars/equip/top/hawaiian_m_gray.png,equip-top,top:hawaiian_m,上着 アロハシャツ ♂,idle(6) walk(8) jump(2) climb(4) attack(6) shoot(4) hurt(2) dead(4) drive(1) sit(1) attack_melee(6) attack_magic(6),96x120,B,color,"基準点 54,100。色違い 1 種を tint で表現: hawaiian_shirt"
assets/sprites/chars/equip/top/hawaiian_sleeve_f_gray.png,equip-top,top:hawaiian_sleeve_f,上着 アロハシャツ 手前の袖 ♀,idle(6) walk(8) jump(2) climb(4) attack(6) shoot(4) hurt(2) dead(4) drive(1) sit(1),80x112,B,color,"基準点 26,100。色違い 1 種を tint で表現: hawaiian_shirt"
assets/sprites/chars/equip/top/hawaiian_sleeve_f__gun_gray.png,equip-top,top:hawaiian_sleeve_f@gun,上着 アロハシャツ 手前の袖 ♀（銃を持つとき）,idle(6) walk(8) jump(2) climb(4) attack(6) shoot(4) hurt(2) dead(4) drive(1) sit(1),72x112,B,color,"基準点 26,100。色違い 1 種を tint で表現: hawaiian_shirt"
assets/sprites/chars/equip/top/hawaiian_sleeve_f__magic_gray.png,equip-top,top:hawaiian_sleeve_f@magic,上着 アロハシャツ 手前の袖 ♀（杖を持つとき）,idle(6) walk(8) jump(2) climb(4) attack(6) shoot(4) hurt(2) dead(4) drive(1) sit(1),72x112,B,color,"基準点 26,100。色違い 1 種を tint で表現: hawaiian_shirt"
assets/sprites/chars/equip/top/hawaiian_sleeve_f__melee_gray.png,equip-top,top:hawaiian_sleeve_f@melee,上着 アロハシャツ 手前の袖 ♀（近接武器を持つとき）,idle(6) walk(8) jump(2) climb(4) attack(6) shoot(4) hurt(2) dead(4) drive(1) sit(1),72x112,B,color,"基準点 26,100。色違い 1 種を tint で表現: hawaiian_shirt"
assets/sprites/chars/equip/top/hawaiian_sleeve_m_gray.png,equip-top,top:hawaiian_sleeve_m,上着 アロハシャツ 手前の袖 ♂,idle(6) walk(8) jump(2) climb(4) attack(6) shoot(4) hurt(2) dead(4) drive(1) sit(1),80x112,B,color,"基準点 23,100。色違い 1 種を tint で表現: hawaiian_shirt"
assets/sprites/chars/equip/top/hawaiian_sleeve_m__gun_gray.png,equip-top,top:hawaiian_sleeve_m@gun,上着 アロハシャツ 手前の袖 ♂（銃を持つとき）,idle(6) walk(8) jump(2) climb(4) attack(6) shoot(4) hurt(2) dead(4) drive(1) sit(1),72x112,B,color,"基準点 23,100。色違い 1 種を tint で表現: hawaiian_shirt"
assets/sprites/chars/equip/top/hawaiian_sleeve_m__magic_gray.png,equip-top,top:hawaiian_sleeve_m@magic,上着 アロハシャツ 手前の袖 ♂（杖を持つとき）,idle(6) walk(8) jump(2) climb(4) attack(6) shoot(4) hurt(2) dead(4) drive(1) sit(1),80x112,B,color,"基準点 23,100。色違い 1 種を tint で表現: hawaiian_shirt"
assets/sprites/chars/equip/top/hawaiian_sleeve_m__melee_gray.png,equip-top,top:hawaiian_sleeve_m@melee,上着 アロハシャツ 手前の袖 ♂（近接武器を持つとき）,idle(6) walk(8) jump(2) climb(4) attack(6) shoot(4) hurt(2) dead(4) drive(1) sit(1),80x112,B,color,"基準点 23,100。色違い 1 種を tint で表現: hawaiian_shirt"
assets/sprites/chars/equip/top/police_f_gray.png,equip-top,top:police_f,上着 警官制服 ♀,idle(6) walk(8) jump(2) climb(4) attack(6) shoot(4) hurt(2) dead(4) drive(1) sit(1) attack_melee(6) attack_magic(6),88x112,B,color,"基準点 49,100。色違い 1 種を tint で表現: police_uniform"
assets/sprites/chars/equip/top/police_m_gray.png,equip-top,top:police_m,上着 警官制服 ♂,idle(6) walk(8) jump(2) climb(4) attack(6) shoot(4) hurt(2) dead(4) drive(1) sit(1) attack_melee(6) attack_magic(6),96x120,B,color,"基準点 54,100。色違い 1 種を tint で表現: police_uniform"
assets/sprites/chars/equip/top/police_sleeve_f_gray.png,equip-top,top:police_sleeve_f,上着 警官制服 手前の袖 ♀,idle(6) walk(8) jump(2) climb(4) attack(6) shoot(4) hurt(2) dead(4) drive(1) sit(1),80x112,B,color,"基準点 26,100。色違い 1 種を tint で表現: police_uniform"
assets/sprites/chars/equip/top/police_sleeve_f__gun_gray.png,equip-top,top:police_sleeve_f@gun,上着 警官制服 手前の袖 ♀（銃を持つとき）,idle(6) walk(8) jump(2) climb(4) attack(6) shoot(4) hurt(2) dead(4) drive(1) sit(1),72x112,B,color,"基準点 26,100。色違い 1 種を tint で表現: police_uniform"
assets/sprites/chars/equip/top/police_sleeve_f__magic_gray.png,equip-top,top:police_sleeve_f@magic,上着 警官制服 手前の袖 ♀（杖を持つとき）,idle(6) walk(8) jump(2) climb(4) attack(6) shoot(4) hurt(2) dead(4) drive(1) sit(1),72x112,B,color,"基準点 26,100。色違い 1 種を tint で表現: police_uniform"
assets/sprites/chars/equip/top/police_sleeve_f__melee_gray.png,equip-top,top:police_sleeve_f@melee,上着 警官制服 手前の袖 ♀（近接武器を持つとき）,idle(6) walk(8) jump(2) climb(4) attack(6) shoot(4) hurt(2) dead(4) drive(1) sit(1),72x112,B,color,"基準点 26,100。色違い 1 種を tint で表現: police_uniform"
assets/sprites/chars/equip/top/police_sleeve_m_gray.png,equip-top,top:police_sleeve_m,上着 警官制服 手前の袖 ♂,idle(6) walk(8) jump(2) climb(4) attack(6) shoot(4) hurt(2) dead(4) drive(1) sit(1),80x112,B,color,"基準点 23,100。色違い 1 種を tint で表現: police_uniform"
assets/sprites/chars/equip/top/police_sleeve_m__gun_gray.png,equip-top,top:police_sleeve_m@gun,上着 警官制服 手前の袖 ♂（銃を持つとき）,idle(6) walk(8) jump(2) climb(4) attack(6) shoot(4) hurt(2) dead(4) drive(1) sit(1),72x112,B,color,"基準点 23,100。色違い 1 種を tint で表現: police_uniform"
assets/sprites/chars/equip/top/police_sleeve_m__magic_gray.png,equip-top,top:police_sleeve_m@magic,上着 警官制服 手前の袖 ♂（杖を持つとき）,idle(6) walk(8) jump(2) climb(4) attack(6) shoot(4) hurt(2) dead(4) drive(1) sit(1),80x112,B,color,"基準点 23,100。色違い 1 種を tint で表現: police_uniform"
assets/sprites/chars/equip/top/police_sleeve_m__melee_gray.png,equip-top,top:police_sleeve_m@melee,上着 警官制服 手前の袖 ♂（近接武器を持つとき）,idle(6) walk(8) jump(2) climb(4) attack(6) shoot(4) hurt(2) dead(4) drive(1) sit(1),80x112,B,color,"基準点 23,100。色違い 1 種を tint で表現: police_uniform"
assets/sprites/chars/equip/top/tank_f_gray.png,equip-top,top:tank_f,上着 タンクトップ ♀,idle(6) walk(8) jump(2) climb(4) attack(6) shoot(4) hurt(2) dead(4) drive(1) sit(1) attack_melee(6) attack_magic(6),72x104,B,color,"基準点 36,89。色違い 1 種を tint で表現: tank_black"
assets/sprites/chars/equip/top/tank_m_gray.png,equip-top,top:tank_m,上着 タンクトップ ♂,idle(6) walk(8) jump(2) climb(4) attack(6) shoot(4) hurt(2) dead(4) drive(1) sit(1) attack_melee(6) attack_magic(6),80x104,B,color,"基準点 37,88。色違い 1 種を tint で表現: tank_black"
assets/sprites/chars/equip/top/tracksuit_f_gray.png,equip-top,top:tracksuit_f,上着 ジャージ ♀,idle(6) walk(8) jump(2) climb(4) attack(6) shoot(4) hurt(2) dead(4) drive(1) sit(1) attack_melee(6) attack_magic(6),96x136,B,color,"基準点 58,115。色違い 1 種を tint で表現: tracksuit_green"
assets/sprites/chars/equip/top/tracksuit_m_gray.png,equip-top,top:tracksuit_m,上着 ジャージ ♂,idle(6) walk(8) jump(2) climb(4) attack(6) shoot(4) hurt(2) dead(4) drive(1) sit(1) attack_melee(6) attack_magic(6),104x144,B,color,"基準点 65,116。色違い 1 種を tint で表現: tracksuit_green"
assets/sprites/chars/equip/top/tracksuit_sleeve_f_gray.png,equip-top,top:tracksuit_sleeve_f,上着 ジャージ 手前の袖 ♀,idle(6) walk(8) jump(2) climb(4) attack(6) shoot(4) hurt(2) dead(4) drive(1) sit(1),88x128,B,color,"基準点 26,115。色違い 1 種を tint で表現: tracksuit_green"
assets/sprites/chars/equip/top/tracksuit_sleeve_f__gun_gray.png,equip-top,top:tracksuit_sleeve_f@gun,上着 ジャージ 手前の袖 ♀（銃を持つとき）,idle(6) walk(8) jump(2) climb(4) attack(6) shoot(4) hurt(2) dead(4) drive(1) sit(1),80x128,B,color,"基準点 26,115。色違い 1 種を tint で表現: tracksuit_green"
assets/sprites/chars/equip/top/tracksuit_sleeve_f__magic_gray.png,equip-top,top:tracksuit_sleeve_f@magic,上着 ジャージ 手前の袖 ♀（杖を持つとき）,idle(6) walk(8) jump(2) climb(4) attack(6) shoot(4) hurt(2) dead(4) drive(1) sit(1),88x128,B,color,"基準点 26,115。色違い 1 種を tint で表現: tracksuit_green"
assets/sprites/chars/equip/top/tracksuit_sleeve_f__melee_gray.png,equip-top,top:tracksuit_sleeve_f@melee,上着 ジャージ 手前の袖 ♀（近接武器を持つとき）,idle(6) walk(8) jump(2) climb(4) attack(6) shoot(4) hurt(2) dead(4) drive(1) sit(1),88x128,B,color,"基準点 26,115。色違い 1 種を tint で表現: tracksuit_green"
assets/sprites/chars/equip/top/tracksuit_sleeve_m_gray.png,equip-top,top:tracksuit_sleeve_m,上着 ジャージ 手前の袖 ♂,idle(6) walk(8) jump(2) climb(4) attack(6) shoot(4) hurt(2) dead(4) drive(1) sit(1),96x128,B,color,"基準点 23,116。色違い 1 種を tint で表現: tracksuit_green"
assets/sprites/chars/equip/top/tracksuit_sleeve_m__gun_gray.png,equip-top,top:tracksuit_sleeve_m@gun,上着 ジャージ 手前の袖 ♂（銃を持つとき）,idle(6) walk(8) jump(2) climb(4) attack(6) shoot(4) hurt(2) dead(4) drive(1) sit(1),88x128,B,color,"基準点 23,116。色違い 1 種を tint で表現: tracksuit_green"
assets/sprites/chars/equip/top/tracksuit_sleeve_m__magic_gray.png,equip-top,top:tracksuit_sleeve_m@magic,上着 ジャージ 手前の袖 ♂（杖を持つとき）,idle(6) walk(8) jump(2) climb(4) attack(6) shoot(4) hurt(2) dead(4) drive(1) sit(1),96x128,B,color,"基準点 23,116。色違い 1 種を tint で表現: tracksuit_green"
assets/sprites/chars/equip/top/tracksuit_sleeve_m__melee_gray.png,equip-top,top:tracksuit_sleeve_m@melee,上着 ジャージ 手前の袖 ♂（近接武器を持つとき）,idle(6) walk(8) jump(2) climb(4) attack(6) shoot(4) hurt(2) dead(4) drive(1) sit(1),96x136,B,color,"基準点 23,117。色違い 1 種を tint で表現: tracksuit_green"
assets/sprites/chars/equip/weapon/guitar_f_gray.png,equip-weapon,weapon:guitar_f,武器 エレキギター ♀,idle(6) walk(8) jump(2) climb(4) attack(6) shoot(4) hurt(2) dead(4) drive(1) sit(1),192x216,B,color,"基準点 60,181。色違い 2 種を tint で表現: guitar_electric guitar_thunder"
assets/sprites/chars/equip/weapon/guitar_m_gray.png,equip-weapon,weapon:guitar_m,武器 エレキギター ♂,idle(6) walk(8) jump(2) climb(4) attack(6) shoot(4) hurt(2) dead(4) drive(1) sit(1),192x216,B,color,"基準点 57,182。色違い 2 種を tint で表現: guitar_electric guitar_thunder"
assets/sprites/enemies/alien_moon.png,enemy,alien_moon,ムーン・エイリアン,idle(4) walk(6) windup(2) attack(4) hurt(2) dead(4),96x168,B,,"基準点 48,149。宇宙港 Lv77 art=alien 主色#5cff9a 画面上 約36x58px。"
assets/sprites/enemies/alien_warrior.png,enemy,alien_warrior,エイリアン戦士,idle(4) walk(6) windup(2) attack(4) hurt(2) dead(4),96x176,B,,"基準点 50,159。宇宙港 Lv88 art=alien 主色#5cff9a 画面上 約38x62px。"
assets/sprites/enemies/cop_detective.png,enemy,cop_detective,覆面刑事,idle(4) walk(6) windup(2) attack(4) hurt(2) dead(4),216x216,B,,"基準点 122,187。警察 Lv30 art=cop 主色#5a5a66 画面上 約58x82px。警察（手配度で出現）。人型"
assets/sprites/enemies/crab_hermit.png,enemy,crab_hermit,ヤドカリ番長,idle(4) walk(6) windup(2) attack(4) hurt(2) dead(4),144x120,B,,"基準点 67,101。ビーチ Lv6 art=crab 主色#d8283c 画面上 約50x40px。"
assets/sprites/enemies/crab_iron.png,enemy,crab_iron,アイアンクラブ,idle(4) walk(6) windup(2) attack(4) hurt(2) dead(4),160x120,B,,"基準点 72,101。ビーチ Lv11 art=crab 主色#7a7f8c 画面上 約54x40px。"
assets/sprites/enemies/crab_rust.png,enemy,crab_rust,サビガニ,idle(4) walk(6) windup(2) attack(4) hurt(2) dead(4),160x120,B,,"基準点 74,105。スラム/港 Lv32 art=crab 主色#a8502a 画面上 約56x42px。"
assets/sprites/enemies/drone_attack.png,enemy,drone_attack,アサルトドローン,idle(4) walk(6) windup(2) attack(4) hurt(2) dead(4),160x120,B,,"基準点 79,101。摩天楼 Lv63 art=drone 主色#ff3d3d 画面上 約50x34px。飛ぶ敵: walk 行に飛行モーション（行名 fly でも可）"
assets/sprites/enemies/drone_casino.png,enemy,drone_casino,セキュリティドローン,idle(4) walk(6) windup(2) attack(4) hurt(2) dead(4),152x112,B,,"基準点 73,94。カジノ Lv53 art=drone 主色#ff3dd2 画面上 約46x32px。飛ぶ敵: walk 行に飛行モーション（行名 fly でも可）"
assets/sprites/enemies/drone_guardian.png,enemy,drone_guardian,ガーディアンドローン,idle(4) walk(6) windup(2) attack(4) hurt(2) dead(4),176x120,B,,"基準点 85,108。摩天楼 Lv74 art=drone 主色#ffd23f 画面上 約54x36px。飛ぶ敵: walk 行に飛行モーション（行名 fly でも可）"
assets/sprites/enemies/drone_launch.png,enemy,drone_launch,発射管制ドローン,idle(4) walk(6) windup(2) attack(4) hurt(2) dead(4),152x104,B,,"基準点 73,92。宇宙港 Lv46 art=drone 主色#e8eef8 画面上 約46x30px。飛ぶ敵: walk 行に飛行モーション（行名 fly でも可）"
assets/sprites/enemies/drone_night_owl.png,enemy,drone_night_owl,ナイトオウル観測機,idle(4) walk(6) windup(2) attack(4) hurt(2) dead(4),152x112,B,,"基準点 73,96。宇宙港 Lv48 art=drone 主色#7a3dff 画面上 約46x34px。飛ぶ敵: walk 行に飛行モーション（行名 fly でも可）。夜だけ出る"
assets/sprites/enemies/drone_scout.png,enemy,drone_scout,監視ドローン,idle(4) walk(6) windup(2) attack(4) hurt(2) dead(4),144x104,B,,"基準点 70,89。警察 Lv16 art=drone 主色#19f0ff 画面上 約44x30px。飛ぶ敵: walk 行に飛行モーション（行名 fly でも可）。警察（手配度で出現）"
assets/sprites/enemies/drone_toy.png,enemy,drone_toy,ラジコン・ドローン,idle(4) walk(6) windup(2) attack(4) hurt(2) dead(4),136x96,B,,"基準点 64,80。ダウンタウン Lv18 art=drone 主色#ffd23f 画面上 約40x26px。飛ぶ敵: walk 行に飛行モーション（行名 fly でも可）"
assets/sprites/enemies/drone_traffic.png,enemy,drone_traffic,交通監視ドローン,idle(4) walk(6) windup(2) attack(4) hurt(2) dead(4),144x104,B,,"基準点 70,89。ダウンタウン Lv18 art=drone 主色#d8283c 画面上 約44x30px。飛ぶ敵: walk 行に飛行モーション（行名 fly でも可）"
assets/sprites/enemies/flamingo_punk.png,enemy,flamingo_punk,パンク・フラミンゴ,idle(4) walk(6) windup(2) attack(4) hurt(2) dead(4),144x192,B,,"基準点 67,179。スラム/港 Lv25 art=flamingo 主色#b04dff 画面上 約42x74px。"
assets/sprites/enemies/gator_albino.png,enemy,gator_albino,アルビノゲイター,idle(4) walk(6) windup(2) attack(4) hurt(2) dead(4),264x112,B,,"基準点 137,98。スワンプ Lv38 art=gator 主色#f0f0e8 画面上 約96x42px。"
assets/sprites/enemies/gator_fog.png,enemy,gator_fog,ミスト・ゲイター,idle(4) walk(6) windup(2) attack(4) hurt(2) dead(4),256x112,B,,"基準点 132,94。スワンプ Lv43 art=gator 主色#7a9a8a 画面上 約92x40px。"
assets/sprites/enemies/ghost_after_hours.png,enemy,ghost_after_hours,アフターアワーズの客,idle(4) walk(6) windup(2) attack(4) hurt(2) dead(4),152x144,B,,"基準点 73,130。カジノ Lv57 art=ghost 主色#ffd23f 画面上 約44x52px。飛ぶ敵: walk 行に飛行モーション（行名 fly でも可）。夜だけ出る"
assets/sprites/enemies/ghost_astral.png,enemy,ghost_astral,アストラル体,idle(4) walk(6) windup(2) attack(4) hurt(2) dead(4),152x160,B,,"基準点 76,140。宇宙港 Lv96 art=ghost 主色#bff6ff 画面上 約46x56px。飛ぶ敵: walk 行に飛行モーション（行名 fly でも可）"
assets/sprites/enemies/ghost_bayou.png,enemy,ghost_bayou,バイユーの鬼火,idle(4) walk(6) windup(2) attack(4) hurt(2) dead(4),136x136,B,,"基準点 66,121。スワンプ Lv42 art=ghost 主色#9aff6a 画面上 約40x48px。飛ぶ敵: walk 行に飛行モーション（行名 fly でも可）。夜だけ出る"
assets/sprites/enemies/ghost_jackpot.png,enemy,ghost_jackpot,ジャックポット・ゴースト,idle(4) walk(6) windup(2) attack(4) hurt(2) dead(4),184x176,B,,"基準点 89,162。カジノ Lv57 art=ghost 主色#ffd23f 画面上 約55x65px。飛ぶ敵: walk 行に飛行モーション（行名 fly でも可）"
assets/sprites/enemies/ghost_neon.png,enemy,ghost_neon,ネオンゴースト,idle(4) walk(6) windup(2) attack(4) hurt(2) dead(4),144x144,B,,"基準点 69,126。カジノ Lv53 art=ghost 主色#19f0ff 画面上 約42x50px。飛ぶ敵: walk 行に飛行モーション（行名 fly でも可）"
assets/sprites/enemies/golem_garden.png,enemy,golem_garden,ガーデンゴーレム,idle(4) walk(6) windup(2) attack(4) hurt(2) dead(4),248x248,B,,"基準点 88,230。摩天楼 Lv66 art=golem 主色#3f8f3a 画面上 約84x96px。"
assets/sprites/enemies/golem_gold.png,enemy,golem_gold,ゴールドゴーレム,idle(4) walk(6) windup(2) attack(4) hurt(2) dead(4),256x256,B,,"基準点 91,239。摩天楼 Lv73 art=golem 主色#ffd23f 画面上 約88x100px。"
assets/sprites/enemies/golem_moon.png,enemy,golem_moon,ムーンゴーレム,idle(4) walk(6) windup(2) attack(4) hurt(2) dead(4),256x256,B,,"基準点 91,239。宇宙港 Lv83 art=golem 主色#e8eef8 画面上 約88x100px。"
assets/sprites/enemies/jelly_coast.png,enemy,jelly_coast,コーストクラゲ,idle(4) walk(6) windup(2) attack(4) hurt(2) dead(4),144x152,B,,"基準点 70,131。宇宙港 Lv38 art=jellyfish 主色#7a3dff 画面上 約42x48px。飛ぶ敵: walk 行に飛行モーション（行名 fly でも可）"
assets/sprites/enemies/jelly_cosmic.png,enemy,jelly_cosmic,コズミッククラゲ,idle(4) walk(6) windup(2) attack(4) hurt(2) dead(4),176x208,B,,"基準点 85,184。宇宙港 Lv79 art=jellyfish 主色#ff3dd2 画面上 約52x68px。飛ぶ敵: walk 行に飛行モーション（行名 fly でも可）"
assets/sprites/enemies/jelly_moonlit.png,enemy,jelly_moonlit,ムーンライト・クラゲ,idle(4) walk(6) windup(2) attack(4) hurt(2) dead(4),152x152,B,,"基準点 73,137。ビーチ Lv8 art=jellyfish 主色#fff6c8 画面上 約44x50px。飛ぶ敵: walk 行に飛行モーション（行名 fly でも可）。夜だけ出る"
assets/sprites/enemies/jelly_void.png,enemy,jelly_void,ヴォイドクラゲ,idle(4) walk(6) windup(2) attack(4) hurt(2) dead(4),184x224,B,,"基準点 91,197。宇宙港 Lv91 art=jellyfish 主色#2a1a5c 画面上 約56x73px。飛ぶ敵: walk 行に飛行モーション（行名 fly でも可）"
assets/sprites/enemies/mosquito_giant.png,enemy,mosquito_giant,オオヌマカ,idle(4) walk(6) windup(2) attack(4) hurt(2) dead(4),184x144,B,,"基準点 87,126。スワンプ Lv33 art=mosquito 主色#4a6a2a 画面上 約49x49px。飛ぶ敵: walk 行に飛行モーション（行名 fly でも可）"
assets/sprites/enemies/mosquito_queen.png,enemy,mosquito_queen,ヌマカの女王,idle(4) walk(6) windup(2) attack(4) hurt(2) dead(4),216x160,B,,"基準点 100,145。スワンプ Lv42 art=mosquito 主色#b04dff 画面上 約57x57px。飛ぶ敵: walk 行に飛行モーション（行名 fly でも可）"
assets/sprites/enemies/mushroom_bog.png,enemy,mushroom_bog,沼地の毒キノコ,idle(4) walk(6) windup(2) attack(4) hurt(2) dead(4),128x136,B,,"基準点 64,121。スワンプ Lv26 art=mushroom 主色#6a8f2a 画面上 約48x52px。"
assets/sprites/enemies/mushroom_cone.png,enemy,mushroom_cone,コーンマッシュ,idle(4) walk(6) windup(2) attack(4) hurt(2) dead(4),120x128,B,,"基準点 59,111。ビーチ Lv9 art=mushroom 主色#ff5c1f 画面上 約44x50px。"
assets/sprites/enemies/mushroom_fog.png,enemy,mushroom_fog,キリタケ,idle(4) walk(6) windup(2) attack(4) hurt(2) dead(4),128x136,B,,"基準点 64,121。スワンプ Lv41 art=mushroom 主色#bff6ff 画面上 約48x54px。"
assets/sprites/enemies/mushroom_glow.png,enemy,mushroom_glow,グロウマッシュ,idle(4) walk(6) windup(2) attack(4) hurt(2) dead(4),128x128,B,,"基準点 61,116。ダウンタウン Lv16 art=mushroom 主色#5cff9a 画面上 約46x52px。"
assets/sprites/enemies/mushroom_mutant.png,enemy,mushroom_mutant,ミュータント・マッシュ,idle(4) walk(6) windup(2) attack(4) hurt(2) dead(4),144x152,B,,"基準点 70,133。摩天楼 Lv65 art=mushroom 主色#ff3d7f 画面上 約53x58px。"
assets/sprites/enemies/mushroom_neon.png,enemy,mushroom_neon,ネオンキノコ,idle(4) walk(6) windup(2) attack(4) hurt(2) dead(4),128x128,B,,"基準点 61,116。ダウンタウン Lv12 art=mushroom 主色#b04dff 画面上 約46x50px。"
assets/sprites/enemies/mushroom_park.png,enemy,mushroom_park,ピクニックマッシュ,idle(4) walk(6) windup(2) attack(4) hurt(2) dead(4),128x128,B,,"基準点 61,116。ダウンタウン Lv17 art=mushroom 主色#ff6fb5 画面上 約46x50px。"
assets/sprites/enemies/mushroom_spore.png,enemy,mushroom_spore,ガスマッシュ,idle(4) walk(6) windup(2) attack(4) hurt(2) dead(4),136x144,B,,"基準点 66,126。スワンプ Lv35 art=mushroom 主色#9a6aff 画面上 約50x54px。"
assets/sprites/enemies/rat_dock.png,enemy,rat_dock,ドックラット,idle(4) walk(6) windup(2) attack(4) hurt(2) dead(4),136x88,B,,"基準点 70,75。スラム/港 Lv23 art=rat 主色#5a4a3a 画面上 約46x30px。"
assets/sprites/enemies/rat_giant.png,enemy,rat_giant,ジャイアントラット,idle(4) walk(6) windup(2) attack(4) hurt(2) dead(4),176x120,B,,"基準点 89,103。スラム/港 Lv32 art=rat 主色#4a3a2a 画面上 約59x42px。"
assets/sprites/enemies/rat_neon.png,enemy,rat_neon,ネオンラット,idle(4) walk(6) windup(2) attack(4) hurt(2) dead(4),136x88,B,,"基準点 67,70。ダウンタウン Lv21 art=rat 主色#ff3dd2 画面上 約44x28px。"
assets/sprites/enemies/rat_ship.png,enemy,rat_ship,ふなネズミ,idle(4) walk(6) windup(2) attack(4) hurt(2) dead(4),136x88,B,,"基準点 67,70。スラム/港 Lv31 art=rat 主色#8a7a52 画面上 約44x28px。"
assets/sprites/enemies/rat_subway.png,enemy,rat_subway,メトロラット,idle(4) walk(6) windup(2) attack(4) hurt(2) dead(4),136x88,B,,"基準点 67,70。ダウンタウン Lv14 art=rat 主色#4a4a58 画面上 約44x28px。"
assets/sprites/enemies/robot_dealer.png,enemy,robot_dealer,ディーラーロボ,idle(4) walk(6) windup(2) attack(4) hurt(2) dead(4),136x176,B,,"基準点 59,163。カジノ Lv58 art=robot 主色#1fae5b 画面上 約48x62px。"
assets/sprites/enemies/robot_loader.png,enemy,robot_loader,搬入ロボ,idle(4) walk(6) windup(2) attack(4) hurt(2) dead(4),144x184,B,,"基準点 64,168。宇宙港 Lv44 art=robot 主色#ff8a00 画面上 約52x64px。"
assets/sprites/enemies/robot_lunar.png,enemy,robot_lunar,ルナローバー,idle(4) walk(6) windup(2) attack(4) hurt(2) dead(4),152x176,B,,"基準点 66,157。宇宙港 Lv81 art=robot 主色#c9ccd6 画面上 約54x60px。"
assets/sprites/enemies/robot_patrol.png,enemy,robot_patrol,パトロールボット,idle(4) walk(6) windup(2) attack(4) hurt(2) dead(4),128x176,B,,"基準点 57,157。宇宙港 Lv37 art=robot 主色#e8eef8 画面上 約46x60px。"
assets/sprites/enemies/robot_slot.png,enemy,robot_slot,スロットロボ,idle(4) walk(6) windup(2) attack(4) hurt(2) dead(4),128x176,B,,"基準点 57,157。カジノ Lv45 art=robot 主色#d8283c 画面上 約46x60px。"
assets/sprites/enemies/robot_valet.png,enemy,robot_valet,バレー・ロボ,idle(4) walk(6) windup(2) attack(4) hurt(2) dead(4),128x176,B,,"基準点 57,157。カジノ Lv56 art=robot 主色#15151b 画面上 約46x60px。"
assets/sprites/enemies/robot_worker.png,enemy,robot_worker,建設ロボ,idle(4) walk(6) windup(2) attack(4) hurt(2) dead(4),136x176,B,,"基準点 59,163。摩天楼 Lv59 art=robot 主色#ffb800 画面上 約48x62px。"
assets/sprites/enemies/robot_xeno.png,enemy,robot_xeno,ゼノメカ,idle(4) walk(6) windup(2) attack(4) hurt(2) dead(4),144x192,B,,"基準点 64,173。宇宙港 Lv94 art=robot 主色#7a3dff 画面上 約52x66px。"
assets/sprites/enemies/seagull_highway.png,enemy,seagull_highway,ハイウェイカモメ,idle(4) walk(6) windup(2) attack(4) hurt(2) dead(4),136x88,B,,"基準点 65,71。ビーチ Lv10 art=seagull 主色#c9ccd6 画面上 約46x30px。飛ぶ敵: walk 行に飛行モーション（行名 fly でも可）"
assets/sprites/enemies/seagull_jet.png,enemy,seagull_jet,ジェットカモメ,idle(4) walk(6) windup(2) attack(4) hurt(2) dead(4),144x88,B,,"基準点 68,71。宇宙港 Lv40 art=seagull 主色#f4f4f4 画面上 約48x30px。飛ぶ敵: walk 行に飛行モーション（行名 fly でも可）"
assets/sprites/enemies/slime_diamond.png,enemy,slime_diamond,ダイヤスライム,idle(4) walk(6) windup(2) attack(4) hurt(2) dead(4),160x112,B,,"基準点 79,99。カジノ Lv55 art=slime 主色#bff6ff 画面上 約46x36px。"
assets/sprites/enemies/slime_fuel.png,enemy,slime_fuel,ロケット燃料スライム,idle(4) walk(6) windup(2) attack(4) hurt(2) dead(4),168x120,B,,"基準点 83,104。宇宙港 Lv47 art=slime 主色#ff3d3d 画面上 約48x38px。"
assets/sprites/enemies/slime_gold.png,enemy,slime_gold,ゴールドスライム,idle(4) walk(6) windup(2) attack(4) hurt(2) dead(4),160x112,B,,"基準点 79,99。カジノ Lv50 art=slime 主色#ffd23f 画面上 約46x36px。"
assets/sprites/enemies/slime_oil.png,enemy,slime_oil,オイルスライム,idle(4) walk(6) windup(2) attack(4) hurt(2) dead(4),176x128,B,,"基準点 85,109。スラム/港 Lv29 art=slime 主色#2a2a30 画面上 約50x40px。"
assets/sprites/enemies/slime_pink.png,enemy,slime_pink,ストロベリースライム,idle(4) walk(6) windup(2) attack(4) hurt(2) dead(4),144x112,B,,"基準点 72,94。ビーチ Lv3 art=slime 主色#ff6fb5 画面上 約42x34px。"
assets/sprites/enemies/slime_toxic.png,enemy,slime_toxic,ヘドロスライム,idle(4) walk(6) windup(2) attack(4) hurt(2) dead(4),168x120,B,,"基準点 83,104。スラム/港 Lv22 art=slime 主色#a6ff00 画面上 約48x38px。"
assets/sprites/enemies/slime_wave.png,enemy,slime_wave,ビッグウェーブスライム,idle(4) walk(6) windup(2) attack(4) hurt(2) dead(4),168x120,B,,"基準点 82,105。ビーチ Lv8 art=slime 主色#4da6ff 画面上 約48x38px。"
assets/sprites/enemies/snake_fog.png,enemy,snake_fog,キリヘビ,idle(4) walk(6) windup(2) attack(4) hurt(2) dead(4),176x88,B,,"基準点 76,73。スワンプ Lv39 art=snake 主色#c9ccd6 画面上 約64x26px。"
assets/sprites/enemies/snake_king.png,enemy,snake_king,ヌシヘビ,idle(4) walk(6) windup(2) attack(4) hurt(2) dead(4),200x128,B,,"基準点 86,108。スワンプ Lv40 art=snake 主色#ffd23f 画面上 約73x39px。"
assets/sprites/enemies/snake_mangrove.png,enemy,snake_mangrove,マングローブ・ボア,idle(4) walk(6) windup(2) attack(4) hurt(2) dead(4),192x96,B,,"基準点 83,79。スワンプ Lv32 art=snake 主色#3a5a2a 画面上 約70x28px。"
assets/sprites/enemies/snake_rattle.png,enemy,snake_rattle,ガラガラヘビ,idle(4) walk(6) windup(2) attack(4) hurt(2) dead(4),176x88,B,,"基準点 76,73。カジノ Lv43 art=snake 主色#c9a26a 画面上 約64x26px。"
assets/sprites/enemies/swat_heavy.png,enemy,swat_heavy,ヘビーSWAT,idle(4) walk(6) windup(2) attack(4) hurt(2) dead(4),248x240,B,,"基準点 131,203。警察 Lv56 art=swat 主色#101418 画面上 約69x97px。警察（手配度で出現）。人型"
assets/sprites/enemies/thug_biker.png,enemy,thug_biker,ハイウェイ・ライダー,idle(4) walk(6) windup(2) attack(4) hurt(2) dead(4),224x208,B,,"基準点 114,175。ダウンタウン Lv20 art=thug 主色#ff8a00 画面上 約60x84px。人型"
assets/sprites/enemies/thug_bouncer.png,enemy,thug_bouncer,カジノの用心棒,idle(4) walk(6) windup(2) attack(4) hurt(2) dead(4),224x248,B,,"基準点 137,211。カジノ Lv52 art=thug 主色#ffd23f 画面上 約66x92px。人型"
assets/sprites/enemies/thug_desert.png,enemy,thug_desert,デザート・ライダー,idle(4) walk(6) windup(2) attack(4) hurt(2) dead(4),248x208,B,,"基準点 120,181。カジノ Lv47 art=thug 主色#e8c27a 画面上 約60x84px。人型"
assets/sprites/enemies/thug_dockhand.png,enemy,thug_dockhand,港のゴロツキ,idle(4) walk(6) windup(2) attack(4) hurt(2) dead(4),232x208,B,,"基準点 117,181。スラム/港 Lv21 art=thug 主色#ff8a00 画面上 約60x84px。人型"
assets/sprites/enemies/thug_elite.png,enemy,thug_elite,ドン親衛隊,idle(4) walk(6) windup(2) attack(4) hurt(2) dead(4),264x232,B,,"基準点 135,199。摩天楼 Lv72 art=thug 主色#ffd23f 画面上 約63x89px。人型"
assets/sprites/enemies/thug_graffiti.png,enemy,thug_graffiti,グラフィティ小僧,idle(4) walk(6) windup(2) attack(4) hurt(2) dead(4),208x200,B,,"基準点 112,173。ダウンタウン Lv15 art=thug 主色#ff3dd2 画面上 約58x82px。人型"
assets/sprites/enemies/thug_gunner.png,enemy,thug_gunner,ギャングの鉄砲玉,idle(4) walk(6) windup(2) attack(4) hurt(2) dead(4),208x208,B,,"基準点 110,172。スラム/港 Lv27 art=thug 主色#d8283c 画面上 約58x82px。人型"
assets/sprites/enemies/thug_hitman.png,enemy,thug_hitman,ドンの殺し屋,idle(4) walk(6) windup(2) attack(4) hurt(2) dead(4),208x200,B,,"基準点 112,175。摩天楼 Lv60 art=thug 主色#16161e 画面上 約60x84px。人型"
assets/sprites/enemies/thug_merc.png,enemy,thug_merc,傭兵スナイパー,idle(4) walk(6) windup(2) attack(4) hurt(2) dead(4),216x208,B,,"基準点 115,177。摩天楼 Lv68 art=thug 主色#3b4231 画面上 約60x84px。人型"
assets/sprites/enemies/thug_night_racer.png,enemy,thug_night_racer,ナイト・ゴーストレーサー,idle(4) walk(6) windup(2) attack(4) hurt(2) dead(4),216x200,B,,"基準点 111,171。ダウンタウン Lv21 art=thug 主色#b04dff 画面上 約58x82px。夜だけ出る。人型"
assets/sprites/enemies/thug_scrapper.png,enemy,thug_scrapper,スクラップ屋,idle(4) walk(6) windup(2) attack(4) hurt(2) dead(4),232x208,B,,"基準点 115,184。スラム/港 Lv33 art=thug 主色#8a8a8a 画面上 約62x86px。人型"
assets/sprites/enemies/thug_skater.png,enemy,thug_skater,スケボー・チンピラ,idle(4) walk(6) windup(2) attack(4) hurt(2) dead(4),216x200,B,,"基準点 112,175。ダウンタウン Lv15 art=thug 主色#19f0ff 画面上 約58x82px。人型"
assets/sprites/enemies/thug_smuggler.png,enemy,thug_smuggler,密輸船の船員,idle(4) walk(6) windup(2) attack(4) hurt(2) dead(4),208x208,B,,"基準点 115,177。スラム/港 Lv30 art=thug 主色#3a5a8c 画面上 約60x84px。人型"
assets/sprites/enemies/thug_vip.png,enemy,thug_vip,VIPガード,idle(4) walk(6) windup(2) attack(4) hurt(2) dead(4),224x216,B,,"基準点 125,195。カジノ Lv56 art=thug 主色#15151b 画面上 約62x86px。人型"
