段,保存先（assets/sprites/ の下）,大きさ,内容,見る指示書,注意
"P","pilot/style_A.png ・ style_B.png ・ style_C.png","1024×1024","ルナ♀の全身（初期装備）を、絵柄の候補 3 つで 1 枚ずつ","DOTS_REQUEST.md §3","同じポーズ・同じ服で、塗りと線だけを変える。ユーザーが 1 つ選ぶ"
"P","rig/body_f.png ほか 見本一式","型紙どおり","選ばれた絵柄で、ルナ♀を1人分（素体・顔 f_01＋表情4・髪 f_twin＋後ろ髪・初期の服3点・武器1つ）","DOTS_REQUEST.md §3","ゲームに入れて動きを確認してから、B 段の残りへ進む"
"A","icons/skill/lj_gun_gatling_waltz.png","256×256","ガトリング・ワルツ（[ピンク・シャープシューター] 二丁拳銃をワルツのリズムで3連射。弾は3体まで貫通し、1発ごとに2回撃ち抜く（最大6ヒット）。）","DOTS_REQUEST.md §5","中央の記号: 二丁拳銃と、ワルツの音符の形に並んだ3発の弾 ／ 地の色: #ff3d7f"
"A","icons/skill/lj_dance_prism_rush.png","256×256","プリズム・ラッシュ（[プリズム・アイドル] 七色の残像と一緒に踊るように8連続で斬りつける。）","DOTS_REQUEST.md §5","中央の記号: 七色の残像が重なった、斜めの斬撃の線（8本） ／ 地の色: #19f0ff"
"A","icons/skill/jj_fight_hundred_fist.png","256×256","百裂ネオン拳（[ネオン・ドラゴンフィスト] ネオンの残光を引く拳を目にも止まらぬ速さで9連打する。）","DOTS_REQUEST.md §5","中央の記号: ネオンの残光を引く、たくさん重なった拳 ／ 地の色: #ff8a00"
"A","icons/skill/hn_data_sprite.png","256×256","データ・スプライト（[ネットランナー / 召喚] 0と1でできた小さな精霊を呼び出す。そばに浮かび、近くの敵へ光弾を撃つ（持続 30〜49秒）。）","DOTS_REQUEST.md §5","中央の記号: 0と1でできた小さな精霊（丸い光の体に小さな羽） ／ 地の色: #3dff8a"
"A","icons/skill/hn_glitch_cat.png","256×256","グリッチ・キャット（[コード・ブレイカー / 召喚] バグから生まれた電子の猫を呼び出す。近くの敵に電撃を飛ばし、3回痺れさせる（持続 40〜59秒）。）","DOTS_REQUEST.md §5","中央の記号: 輪郭がずれて見える電子の猫の顔と、小さな稲妻 ／ 地の色: #3dff8a"
"A","icons/skill/hn_phantom_daemon.png","256×256","ファントム・デーモン（[ゴースト・プロトコル / 召喚] ネットの深層に棲む幽霊デーモンを呼び出す。敵の方へ貫く光線を放ち、並んだ敵を4回焼く（持続 40〜59秒）","DOTS_REQUEST.md §5","中央の記号: 幽霊のようなデーモンの顔と、まっすぐの光線 ／ 地の色: #3dff8a"
"A","icons/skill/hn_oracle_eye.png","256×256","オラクル・アイ（[サイバー・オラクル / 召喚] 未来を見通す電脳の眼を呼び出す。周りに演算の波動を放ち、範囲の敵を5回打つ（持続 45〜64秒）。）","DOTS_REQUEST.md §5","中央の記号: 大きな電脳の眼と、周りの同心円の波動 ／ 地の色: #3dff8a"
"A","icons/skill/hd_attack_drone.png","256×256","アタック・ドローン（[ドローン・パイロット / 召喚] 自作の攻撃ドローンを飛ばす。そばに浮かび、近くの敵へ光弾を2連射する（持続 30〜49秒）。）","DOTS_REQUEST.md §5","中央の記号: 小さな攻撃ドローン（4つのプロペラ）と2発の光弾 ／ 地の色: #ffb000"
"A","icons/skill/hd_sentry_turret.png","256×256","セントリー・タレット（[スウォーム・コマンダー / 召喚] 足元に自動砲台を設置する。射程に入った敵を4連射で撃ち抜く（持続 40〜59秒。離れすぎると付いてくる）","DOTS_REQUEST.md §5","中央の記号: 三脚の自動砲台と照準の円 ／ 地の色: #ffb000"
"A","icons/skill/hd_bomber_drone.png","256×256","ボマー・ドローン（[メカ・アーキテクト / 召喚] 爆撃ドローンを呼ぶ。敵の真上から爆弾を落とし、爆発で周りの敵を3回焼く（持続 40〜59秒）。）","DOTS_REQUEST.md §5","中央の記号: 爆弾を下げたドローンと、下の爆発 ／ 地の色: #ffb000"
"A","icons/skill/lj_gun_dimension_barrage.png","256×256","ディメンション・バレットストーム（[ディメンション・デスペラード / 画面全体・奥義] 次元の裂け目から無数の銃口を呼び出し、画面に映るすべての敵を14回撃ち抜く。）","DOTS_REQUEST.md §5","中央の記号: 空間の裂け目から突き出た無数の銃口と、画面いっぱいの照準マーク ／ 地の色: #ff3d7f"
"A","icons/skill/lj_gun_quasar_rail.png","256×256","クェーサー・レールガン（[ディメンション・デスペラード] クェーサーの光を圧縮した極太のレールガン。画面の端まで全てを貫き、撃ち抜いた敵に8回ダメージ。）","DOTS_REQUEST.md §5","中央の記号: 極太の光線を撃つレールガンの銃口（横一直線のビーム） ／ 地の色: #ff3d7f"
"A","icons/skill/lj_gun_desperado_mode.png","256×256","デスペラード・モード（[ディメンション・デスペラード / 通常攻撃強化] 一定時間、通常攻撃のたびに次元弾が前方の敵を貫いて3回撃ち抜く（威力220%〜）。攻撃速）","DOTS_REQUEST.md §5","中央の記号: 銃のシリンダーと、そこから伸びる次元弾（ピンクの光の弾丸） ／ 地の色: #ff3d7f"
"A","icons/skill/lj_gun_bullet_awaken.png","256×256","バレット・アウェイクン（[ディメンション・デスペラード / 覚醒] 覚醒。賞金首の本能を解き放ち、攻撃力・クリティカル率・攻撃速度が極大まで上昇する。）","DOTS_REQUEST.md §5","中央の記号: 燃え上がる弾丸を中央に、背後に放射状の光 ／ 地の色: #ff3d7f"
"A","icons/skill/lj_gun_desperado_mastery.png","256×256","デスペラード・マスタリー（[ディメンション・デスペラード / パッシブ] 次元をまたぐ早撃ち。攻撃力・クリティカル率・クリティカルダメージが上昇する。）","DOTS_REQUEST.md §5","中央の記号: 交差した二丁拳銃と星 ／ 地の色: #ff3d7f"
"A","icons/skill/lj_dance_hyper_finale.png","256×256","ハイパー・グランドフィナーレ（[ハイパー・アイコン / 画面全体・奥義] 全次元に生配信する最後のステージ。画面を光の舞台に変え、映っている敵すべてを15回打ち据える。）","DOTS_REQUEST.md §5","中央の記号: 上から照らす何本ものスポットライトと、中央の大きな星 ／ 地の色: #19f0ff"
"A","icons/skill/lj_dance_prism_cyclone.png","256×256","プリズム・サイクロン（[ハイパー・アイコン] 七色の竜巻のように回転しながら12連撃。周りの敵をまとめて切り刻む。）","DOTS_REQUEST.md §5","中央の記号: 七色の竜巻（渦巻き） ／ 地の色: #19f0ff"
"A","icons/skill/lj_dance_stardust_runway.png","256×256","スターダスト・ランウェイ（[ハイパー・アイコン] 星屑のランウェイを一気に駆け抜ける超長距離ステップ。通過した敵を8回斬る。移動中は無敵。）","DOTS_REQUEST.md §5","中央の記号: 星屑の光の道（遠くへ伸びるランウェイ）とハイヒールの足あと ／ 地の色: #19f0ff"
"A","icons/skill/lj_dance_icon_awaken.png","256×256","アイコン・アウェイクン（[ハイパー・アイコン / 覚醒] 覚醒。全次元の歓声を浴びて、攻撃力・移動速度・攻撃速度・防御力が大幅に上昇する。）","DOTS_REQUEST.md §5","中央の記号: 王冠をかぶった大きな星と放射状の光 ／ 地の色: #19f0ff"
"A","icons/skill/lj_dance_icon_mastery.png","256×256","アイコン・マスタリー（[ハイパー・アイコン / パッシブ] 誰より速く、誰より美しく。攻撃力・移動速度・被ダメージ軽減が上昇する。）","DOTS_REQUEST.md §5","中央の記号: ハートの形のマイク ／ 地の色: #19f0ff"
"A","icons/skill/jj_fight_heaven_fall.png","256×256","天帝・天界崩落（[ネオン天帝 / 画面全体・奥義] 天帝の拳で空を殴り割り、天界ごと落とす。画面に映るすべての敵を12回打ち砕く。）","DOTS_REQUEST.md §5","中央の記号: 空を割る巨大な拳と、ひび割れた空 ／ 地の色: #ff8a00"
"A","icons/skill/jj_fight_thousand_fist.png","256×256","千手覇王拳（[ネオン天帝] 千の残像の拳で前方を14連打する。最後の一撃で敵を吹き飛ばす。）","DOTS_REQUEST.md §5","中央の記号: 扇状に重なる無数の拳の残像 ／ 地の色: #ff8a00"
"A","icons/skill/jj_fight_emperor_fist.png","256×256","天帝拳（[ネオン天帝 / 通常攻撃強化] 一定時間、通常攻撃のたびに拳圧の衝撃波が前方へ走り、敵を4回打つ（威力180%〜）。攻撃速度も上昇。）","DOTS_REQUEST.md §5","中央の記号: 拳から前へ飛ぶ三日月形の衝撃波 ／ 地の色: #ff8a00"
"A","icons/skill/jj_fight_emperor_awaken.png","256×256","天帝覚醒（[ネオン天帝 / 覚醒] 覚醒。天帝の気を全身にまとい、攻撃力と防御力が極大まで上昇する。）","DOTS_REQUEST.md §5","中央の記号: 燃え上がる金色のオーラをまとった拳（覚醒） ／ 地の色: #ff8a00"
"A","icons/skill/jj_fight_emperor_mastery.png","256×256","天帝の器（[ネオン天帝 / パッシブ] 次元を殴り抜いた肉体。攻撃力・最大HP・クリティカルダメージ・被ダメージ軽減が上昇する。）","DOTS_REQUEST.md §5","中央の記号: 冠をのせた拳 ／ 地の色: #ff8a00"
"A","icons/skill/jj_race_dimension_overdrive.png","256×256","ディメンション・オーバードライブ（[ディメンション・レーサー / 画面全体・奥義] 次元のハイウェイを全開で一周し、時空の轍で画面に映るすべての敵を13回はね飛ばす。）","DOTS_REQUEST.md §5","中央の記号: 空間の裂け目を走り抜けるタイヤと、光の轍 ／ 地の色: #7b5cff"
"A","icons/skill/jj_race_photon_burnout.png","256×256","フォトン・バーンアウト（[ディメンション・レーサー] 光子のタイヤスモークを撒き散らし、周り一帯の敵を10回焼く。）","DOTS_REQUEST.md §5","中央の記号: 光るタイヤスモークの渦 ／ 地の色: #7b5cff"
"A","icons/skill/jj_race_lightspeed_run.png","256×256","ライトスピード・ラン（[ディメンション・レーサー] 光速で前方へ突っ切る。通過した敵を6回はね飛ばす。移動中は無敵。）","DOTS_REQUEST.md §5","中央の記号: 光速で伸びる速度の線と稲妻 ／ 地の色: #7b5cff"
"A","icons/skill/jj_race_limit_break.png","256×256","リミット・ブレイク（[ディメンション・レーサー / 覚醒] 覚醒。エンジンの限界を壊す。攻撃力・移動速度・攻撃速度が極大まで上昇する。）","DOTS_REQUEST.md §5","中央の記号: 針が振り切れたスピードメーターと炎 ／ 地の色: #7b5cff"
"A","icons/skill/jj_race_dimension_engine.png","256×256","ディメンション・エンジン（[ディメンション・レーサー / パッシブ] 次元を走るエンジン。攻撃力・移動速度・クリティカル率・被ダメージ軽減が上昇する。）","DOTS_REQUEST.md §5","中央の記号: 光るエンジンの歯車（ギア） ／ 地の色: #7b5cff"
"A","icons/skill/hn_world_rewrite.png","256×256","ワールド・リライト（[デミウルゴス・コード / 画面全体・奥義] 世界の原初のコードを書き換える。画面に映るすべての敵の存在データを15回消去する。）","DOTS_REQUEST.md §5","中央の記号: 世界（地球のような球体）を包む六角のコードの網 ／ 地の色: #3dff8a"
"A","icons/skill/hn_kernel_panic.png","256×256","カーネル・パニック（[デミウルゴス・コード] 世界のカーネルを暴走させる巨大なコード弾。全てを貫通し、当たった敵に9回ダメージ。）","DOTS_REQUEST.md §5","中央の記号: 割れた六角のチップと、そこから噴き出すコード弾 ／ 地の色: #3dff8a"
"A","icons/skill/hn_demiurge_avatar.png","256×256","デミウルゴス・アバター（[デミウルゴス・コード / 召喚] 原初のコードの化身を呼び出す。敵の方へ世界を貫く光線を放ち、並んだ敵を6回焼く（持続 60〜78秒）。）","DOTS_REQUEST.md §5","中央の記号: コードでできた光の化身（顔の無いシルエットと輪） ／ 地の色: #3dff8a"
"A","icons/skill/hn_root_awaken.png","256×256","ルート・アウェイクン（[デミウルゴス・コード / 覚醒] 覚醒。世界のルート権限を得る。攻撃力・クリティカル率・攻撃速度が極大まで上昇する。）","DOTS_REQUEST.md §5","中央の記号: 鍵穴の付いた光る六角と、上向きの光 ／ 地の色: #3dff8a"
"A","icons/skill/hn_demiurge_core.png","256×256","デミウルゴス・コア（[デミウルゴス・コード / パッシブ] 世界を演算する中枢。攻撃力・クリティカル率・クリティカルダメージが上昇する。）","DOTS_REQUEST.md §5","中央の記号: 六角の中で光る核（コア） ／ 地の色: #3dff8a"
"A","icons/skill/hd_fleet_barrage.png","256×256","スターフリート・一斉砲撃（[スターフリート・アドミラル / 画面全体・奥義] 星間艦隊に一斉砲撃を命じる。空を埋め尽くす艦隊が、画面に映るすべての敵を14回撃ち抜く。）","DOTS_REQUEST.md §5","中央の記号: 空を埋める艦隊のシルエットと、真下へ落ちる何本もの光線 ／ 地の色: #ffb000"
"A","icons/skill/hd_carrier_gatling.png","256×256","キャリア・ガトリング（[スターフリート・アドミラル] 空母ドローンのガトリング砲で4発の重粒子弾を撃つ。弾は3体まで貫通し、当たるたびに4回撃ち抜く。）","DOTS_REQUEST.md §5","中央の記号: 空母ドローンのガトリング砲の銃口と弾 ／ 地の色: #ffb000"
"A","icons/skill/hd_mothership.png","256×256","マザーシップ（[スターフリート・アドミラル / 召喚] 星間艦隊の母艦を呼ぶ。敵の真上から重爆弾を落とし、広い範囲の敵を5回焼く（持続 60〜78秒）。）","DOTS_REQUEST.md §5","中央の記号: 大きな母艦（円盤型）と、その下の爆弾 ／ 地の色: #ffb000"
"A","icons/skill/hd_admiral_order.png","256×256","提督命令・総員突撃（[スターフリート・アドミラル / 覚醒] 覚醒。全艦隊に総攻撃を命じる。攻撃力・防御力・攻撃速度が極大まで上昇する。）","DOTS_REQUEST.md §5","中央の記号: 提督の帽子と、前へ向けた矢印（突撃） ／ 地の色: #ffb000"
"A","icons/skill/hd_fleet_mastery.png","256×256","フリート・マスタリー（[スターフリート・アドミラル / パッシブ] 艦隊の完全な統制。攻撃力・最大HP・クリティカルダメージが上昇する。）","DOTS_REQUEST.md §5","中央の記号: 三角形の編隊を組んだドローン ／ 地の色: #ffb000"
"B","rig/body_f.png","1024×1024","素体","HERO_PARTS_GUIDE.md（型紙・枠） ","型紙 docs/art_handoff/rig/templates/body/"
"B","rig/body_m.png","1024×1024","素体","HERO_PARTS_GUIDE.md（型紙・枠） ","型紙 docs/art_handoff/rig/templates/body/"
"B","heads/face/f_01.png","1024×1024","顔","FACE_HAIR_SPEC.md","頭の形は全部の顔で同じ（f_01 / m_01 を下敷き）"
"B","heads/face/f_01_blink.png","1024×1024","顔の表情","FACE_HAIR_SPEC.md","頭の形は全部の顔で同じ（f_01 / m_01 を下敷き）"
"B","heads/face/f_01_happy.png","1024×1024","顔の表情","FACE_HAIR_SPEC.md","頭の形は全部の顔で同じ（f_01 / m_01 を下敷き）"
"B","heads/face/f_01_hurt.png","1024×1024","顔の表情","FACE_HAIR_SPEC.md","頭の形は全部の顔で同じ（f_01 / m_01 を下敷き）"
"B","heads/face/f_01_shout.png","1024×1024","顔の表情","FACE_HAIR_SPEC.md","頭の形は全部の顔で同じ（f_01 / m_01 を下敷き）"
"B","heads/face/f_02.png","1024×1024","顔","FACE_HAIR_SPEC.md","頭の形は全部の顔で同じ（f_01 / m_01 を下敷き）"
"B","heads/face/f_02_blink.png","1024×1024","顔の表情","FACE_HAIR_SPEC.md","頭の形は全部の顔で同じ（f_01 / m_01 を下敷き）"
"B","heads/face/f_02_happy.png","1024×1024","顔の表情","FACE_HAIR_SPEC.md","頭の形は全部の顔で同じ（f_01 / m_01 を下敷き）"
"B","heads/face/f_02_hurt.png","1024×1024","顔の表情","FACE_HAIR_SPEC.md","頭の形は全部の顔で同じ（f_01 / m_01 を下敷き）"
"B","heads/face/f_02_shout.png","1024×1024","顔の表情","FACE_HAIR_SPEC.md","頭の形は全部の顔で同じ（f_01 / m_01 を下敷き）"
"B","heads/face/f_03.png","1024×1024","顔","FACE_HAIR_SPEC.md","頭の形は全部の顔で同じ（f_01 / m_01 を下敷き）"
"B","heads/face/f_03_blink.png","1024×1024","顔の表情","FACE_HAIR_SPEC.md","頭の形は全部の顔で同じ（f_01 / m_01 を下敷き）"
"B","heads/face/f_03_happy.png","1024×1024","顔の表情","FACE_HAIR_SPEC.md","頭の形は全部の顔で同じ（f_01 / m_01 を下敷き）"
"B","heads/face/f_03_hurt.png","1024×1024","顔の表情","FACE_HAIR_SPEC.md","頭の形は全部の顔で同じ（f_01 / m_01 を下敷き）"
"B","heads/face/f_03_shout.png","1024×1024","顔の表情","FACE_HAIR_SPEC.md","頭の形は全部の顔で同じ（f_01 / m_01 を下敷き）"
"B","heads/face/f_04.png","1024×1024","顔","FACE_HAIR_SPEC.md","頭の形は全部の顔で同じ（f_01 / m_01 を下敷き）"
"B","heads/face/f_04_blink.png","1024×1024","顔の表情","FACE_HAIR_SPEC.md","頭の形は全部の顔で同じ（f_01 / m_01 を下敷き）"
"B","heads/face/f_04_happy.png","1024×1024","顔の表情","FACE_HAIR_SPEC.md","頭の形は全部の顔で同じ（f_01 / m_01 を下敷き）"
"B","heads/face/f_04_hurt.png","1024×1024","顔の表情","FACE_HAIR_SPEC.md","頭の形は全部の顔で同じ（f_01 / m_01 を下敷き）"
"B","heads/face/f_04_shout.png","1024×1024","顔の表情","FACE_HAIR_SPEC.md","頭の形は全部の顔で同じ（f_01 / m_01 を下敷き）"
"B","heads/face/f_05.png","1024×1024","顔","FACE_HAIR_SPEC.md","頭の形は全部の顔で同じ（f_01 / m_01 を下敷き）"
"B","heads/face/f_05_blink.png","1024×1024","顔の表情","FACE_HAIR_SPEC.md","頭の形は全部の顔で同じ（f_01 / m_01 を下敷き）"
"B","heads/face/f_05_happy.png","1024×1024","顔の表情","FACE_HAIR_SPEC.md","頭の形は全部の顔で同じ（f_01 / m_01 を下敷き）"
"B","heads/face/f_05_hurt.png","1024×1024","顔の表情","FACE_HAIR_SPEC.md","頭の形は全部の顔で同じ（f_01 / m_01 を下敷き）"
"B","heads/face/f_05_shout.png","1024×1024","顔の表情","FACE_HAIR_SPEC.md","頭の形は全部の顔で同じ（f_01 / m_01 を下敷き）"
"B","heads/face/f_06.png","1024×1024","顔","FACE_HAIR_SPEC.md","頭の形は全部の顔で同じ（f_01 / m_01 を下敷き）"
"B","heads/face/f_06_blink.png","1024×1024","顔の表情","FACE_HAIR_SPEC.md","頭の形は全部の顔で同じ（f_01 / m_01 を下敷き）"
"B","heads/face/f_06_happy.png","1024×1024","顔の表情","FACE_HAIR_SPEC.md","頭の形は全部の顔で同じ（f_01 / m_01 を下敷き）"
"B","heads/face/f_06_hurt.png","1024×1024","顔の表情","FACE_HAIR_SPEC.md","頭の形は全部の顔で同じ（f_01 / m_01 を下敷き）"
"B","heads/face/f_06_shout.png","1024×1024","顔の表情","FACE_HAIR_SPEC.md","頭の形は全部の顔で同じ（f_01 / m_01 を下敷き）"
"B","heads/face/f_07.png","1024×1024","顔","FACE_HAIR_SPEC.md","頭の形は全部の顔で同じ（f_01 / m_01 を下敷き）"
"B","heads/face/f_07_blink.png","1024×1024","顔の表情","FACE_HAIR_SPEC.md","頭の形は全部の顔で同じ（f_01 / m_01 を下敷き）"
"B","heads/face/f_07_happy.png","1024×1024","顔の表情","FACE_HAIR_SPEC.md","頭の形は全部の顔で同じ（f_01 / m_01 を下敷き）"
"B","heads/face/f_07_hurt.png","1024×1024","顔の表情","FACE_HAIR_SPEC.md","頭の形は全部の顔で同じ（f_01 / m_01 を下敷き）"
"B","heads/face/f_07_shout.png","1024×1024","顔の表情","FACE_HAIR_SPEC.md","頭の形は全部の顔で同じ（f_01 / m_01 を下敷き）"
"B","heads/face/f_08.png","1024×1024","顔","FACE_HAIR_SPEC.md","頭の形は全部の顔で同じ（f_01 / m_01 を下敷き）"
"B","heads/face/f_08_blink.png","1024×1024","顔の表情","FACE_HAIR_SPEC.md","頭の形は全部の顔で同じ（f_01 / m_01 を下敷き）"
"B","heads/face/f_08_happy.png","1024×1024","顔の表情","FACE_HAIR_SPEC.md","頭の形は全部の顔で同じ（f_01 / m_01 を下敷き）"
"B","heads/face/f_08_hurt.png","1024×1024","顔の表情","FACE_HAIR_SPEC.md","頭の形は全部の顔で同じ（f_01 / m_01 を下敷き）"
"B","heads/face/f_08_shout.png","1024×1024","顔の表情","FACE_HAIR_SPEC.md","頭の形は全部の顔で同じ（f_01 / m_01 を下敷き）"
"B","heads/face/f_09.png","1024×1024","顔","FACE_HAIR_SPEC.md","頭の形は全部の顔で同じ（f_01 / m_01 を下敷き）"
"B","heads/face/f_09_blink.png","1024×1024","顔の表情","FACE_HAIR_SPEC.md","頭の形は全部の顔で同じ（f_01 / m_01 を下敷き）"
"B","heads/face/f_09_happy.png","1024×1024","顔の表情","FACE_HAIR_SPEC.md","頭の形は全部の顔で同じ（f_01 / m_01 を下敷き）"
"B","heads/face/f_09_hurt.png","1024×1024","顔の表情","FACE_HAIR_SPEC.md","頭の形は全部の顔で同じ（f_01 / m_01 を下敷き）"
"B","heads/face/f_09_shout.png","1024×1024","顔の表情","FACE_HAIR_SPEC.md","頭の形は全部の顔で同じ（f_01 / m_01 を下敷き）"
"B","heads/face/f_10.png","1024×1024","顔","FACE_HAIR_SPEC.md","頭の形は全部の顔で同じ（f_01 / m_01 を下敷き）"
"B","heads/face/f_10_blink.png","1024×1024","顔の表情","FACE_HAIR_SPEC.md","頭の形は全部の顔で同じ（f_01 / m_01 を下敷き）"
"B","heads/face/f_10_happy.png","1024×1024","顔の表情","FACE_HAIR_SPEC.md","頭の形は全部の顔で同じ（f_01 / m_01 を下敷き）"
"B","heads/face/f_10_hurt.png","1024×1024","顔の表情","FACE_HAIR_SPEC.md","頭の形は全部の顔で同じ（f_01 / m_01 を下敷き）"
"B","heads/face/f_10_shout.png","1024×1024","顔の表情","FACE_HAIR_SPEC.md","頭の形は全部の顔で同じ（f_01 / m_01 を下敷き）"
"B","heads/face/f_o01.png","1024×1024","顔","FACE_HAIR_SPEC.md","頭の形は全部の顔で同じ（f_01 / m_01 を下敷き）"
"B","heads/face/f_o01_blink.png","1024×1024","顔の表情","FACE_HAIR_SPEC.md","頭の形は全部の顔で同じ（f_01 / m_01 を下敷き）"
"B","heads/face/f_o01_happy.png","1024×1024","顔の表情","FACE_HAIR_SPEC.md","頭の形は全部の顔で同じ（f_01 / m_01 を下敷き）"
"B","heads/face/f_o01_hurt.png","1024×1024","顔の表情","FACE_HAIR_SPEC.md","頭の形は全部の顔で同じ（f_01 / m_01 を下敷き）"
"B","heads/face/f_o01_shout.png","1024×1024","顔の表情","FACE_HAIR_SPEC.md","頭の形は全部の顔で同じ（f_01 / m_01 を下敷き）"
"B","heads/face/f_v01.png","1024×1024","顔","FACE_HAIR_SPEC.md","頭の形は全部の顔で同じ（f_01 / m_01 を下敷き）"
"B","heads/face/f_v01_blink.png","1024×1024","顔の表情","FACE_HAIR_SPEC.md","頭の形は全部の顔で同じ（f_01 / m_01 を下敷き）"
"B","heads/face/f_v01_happy.png","1024×1024","顔の表情","FACE_HAIR_SPEC.md","頭の形は全部の顔で同じ（f_01 / m_01 を下敷き）"
"B","heads/face/f_v01_hurt.png","1024×1024","顔の表情","FACE_HAIR_SPEC.md","頭の形は全部の顔で同じ（f_01 / m_01 を下敷き）"
"B","heads/face/f_v01_shout.png","1024×1024","顔の表情","FACE_HAIR_SPEC.md","頭の形は全部の顔で同じ（f_01 / m_01 を下敷き）"
"B","heads/face/f_v02.png","1024×1024","顔","FACE_HAIR_SPEC.md","頭の形は全部の顔で同じ（f_01 / m_01 を下敷き）"
"B","heads/face/f_v02_blink.png","1024×1024","顔の表情","FACE_HAIR_SPEC.md","頭の形は全部の顔で同じ（f_01 / m_01 を下敷き）"
"B","heads/face/f_v02_happy.png","1024×1024","顔の表情","FACE_HAIR_SPEC.md","頭の形は全部の顔で同じ（f_01 / m_01 を下敷き）"
"B","heads/face/f_v02_hurt.png","1024×1024","顔の表情","FACE_HAIR_SPEC.md","頭の形は全部の顔で同じ（f_01 / m_01 を下敷き）"
"B","heads/face/f_v02_shout.png","1024×1024","顔の表情","FACE_HAIR_SPEC.md","頭の形は全部の顔で同じ（f_01 / m_01 を下敷き）"
"B","heads/face/m_01.png","1024×1024","顔","FACE_HAIR_SPEC.md","頭の形は全部の顔で同じ（f_01 / m_01 を下敷き）"
"B","heads/face/m_01_blink.png","1024×1024","顔の表情","FACE_HAIR_SPEC.md","頭の形は全部の顔で同じ（f_01 / m_01 を下敷き）"
"B","heads/face/m_01_happy.png","1024×1024","顔の表情","FACE_HAIR_SPEC.md","頭の形は全部の顔で同じ（f_01 / m_01 を下敷き）"
"B","heads/face/m_01_hurt.png","1024×1024","顔の表情","FACE_HAIR_SPEC.md","頭の形は全部の顔で同じ（f_01 / m_01 を下敷き）"
"B","heads/face/m_01_shout.png","1024×1024","顔の表情","FACE_HAIR_SPEC.md","頭の形は全部の顔で同じ（f_01 / m_01 を下敷き）"
"B","heads/face/m_02.png","1024×1024","顔","FACE_HAIR_SPEC.md","頭の形は全部の顔で同じ（f_01 / m_01 を下敷き）"
"B","heads/face/m_02_blink.png","1024×1024","顔の表情","FACE_HAIR_SPEC.md","頭の形は全部の顔で同じ（f_01 / m_01 を下敷き）"
"B","heads/face/m_02_happy.png","1024×1024","顔の表情","FACE_HAIR_SPEC.md","頭の形は全部の顔で同じ（f_01 / m_01 を下敷き）"
"B","heads/face/m_02_hurt.png","1024×1024","顔の表情","FACE_HAIR_SPEC.md","頭の形は全部の顔で同じ（f_01 / m_01 を下敷き）"
"B","heads/face/m_02_shout.png","1024×1024","顔の表情","FACE_HAIR_SPEC.md","頭の形は全部の顔で同じ（f_01 / m_01 を下敷き）"
"B","heads/face/m_03.png","1024×1024","顔","FACE_HAIR_SPEC.md","頭の形は全部の顔で同じ（f_01 / m_01 を下敷き）"
"B","heads/face/m_03_blink.png","1024×1024","顔の表情","FACE_HAIR_SPEC.md","頭の形は全部の顔で同じ（f_01 / m_01 を下敷き）"
"B","heads/face/m_03_happy.png","1024×1024","顔の表情","FACE_HAIR_SPEC.md","頭の形は全部の顔で同じ（f_01 / m_01 を下敷き）"
"B","heads/face/m_03_hurt.png","1024×1024","顔の表情","FACE_HAIR_SPEC.md","頭の形は全部の顔で同じ（f_01 / m_01 を下敷き）"
"B","heads/face/m_03_shout.png","1024×1024","顔の表情","FACE_HAIR_SPEC.md","頭の形は全部の顔で同じ（f_01 / m_01 を下敷き）"
"B","heads/face/m_04.png","1024×1024","顔","FACE_HAIR_SPEC.md","頭の形は全部の顔で同じ（f_01 / m_01 を下敷き）"
"B","heads/face/m_04_blink.png","1024×1024","顔の表情","FACE_HAIR_SPEC.md","頭の形は全部の顔で同じ（f_01 / m_01 を下敷き）"
"B","heads/face/m_04_happy.png","1024×1024","顔の表情","FACE_HAIR_SPEC.md","頭の形は全部の顔で同じ（f_01 / m_01 を下敷き）"
"B","heads/face/m_04_hurt.png","1024×1024","顔の表情","FACE_HAIR_SPEC.md","頭の形は全部の顔で同じ（f_01 / m_01 を下敷き）"
"B","heads/face/m_04_shout.png","1024×1024","顔の表情","FACE_HAIR_SPEC.md","頭の形は全部の顔で同じ（f_01 / m_01 を下敷き）"
"B","heads/face/m_05.png","1024×1024","顔","FACE_HAIR_SPEC.md","頭の形は全部の顔で同じ（f_01 / m_01 を下敷き）"
"B","heads/face/m_05_blink.png","1024×1024","顔の表情","FACE_HAIR_SPEC.md","頭の形は全部の顔で同じ（f_01 / m_01 を下敷き）"
"B","heads/face/m_05_happy.png","1024×1024","顔の表情","FACE_HAIR_SPEC.md","頭の形は全部の顔で同じ（f_01 / m_01 を下敷き）"
"B","heads/face/m_05_hurt.png","1024×1024","顔の表情","FACE_HAIR_SPEC.md","頭の形は全部の顔で同じ（f_01 / m_01 を下敷き）"
"B","heads/face/m_05_shout.png","1024×1024","顔の表情","FACE_HAIR_SPEC.md","頭の形は全部の顔で同じ（f_01 / m_01 を下敷き）"
"B","heads/face/m_06.png","1024×1024","顔","FACE_HAIR_SPEC.md","頭の形は全部の顔で同じ（f_01 / m_01 を下敷き）"
"B","heads/face/m_06_blink.png","1024×1024","顔の表情","FACE_HAIR_SPEC.md","頭の形は全部の顔で同じ（f_01 / m_01 を下敷き）"
"B","heads/face/m_06_happy.png","1024×1024","顔の表情","FACE_HAIR_SPEC.md","頭の形は全部の顔で同じ（f_01 / m_01 を下敷き）"
"B","heads/face/m_06_hurt.png","1024×1024","顔の表情","FACE_HAIR_SPEC.md","頭の形は全部の顔で同じ（f_01 / m_01 を下敷き）"
"B","heads/face/m_06_shout.png","1024×1024","顔の表情","FACE_HAIR_SPEC.md","頭の形は全部の顔で同じ（f_01 / m_01 を下敷き）"
"B","heads/face/m_07.png","1024×1024","顔","FACE_HAIR_SPEC.md","頭の形は全部の顔で同じ（f_01 / m_01 を下敷き）"
"B","heads/face/m_07_blink.png","1024×1024","顔の表情","FACE_HAIR_SPEC.md","頭の形は全部の顔で同じ（f_01 / m_01 を下敷き）"
"B","heads/face/m_07_happy.png","1024×1024","顔の表情","FACE_HAIR_SPEC.md","頭の形は全部の顔で同じ（f_01 / m_01 を下敷き）"
"B","heads/face/m_07_hurt.png","1024×1024","顔の表情","FACE_HAIR_SPEC.md","頭の形は全部の顔で同じ（f_01 / m_01 を下敷き）"
"B","heads/face/m_07_shout.png","1024×1024","顔の表情","FACE_HAIR_SPEC.md","頭の形は全部の顔で同じ（f_01 / m_01 を下敷き）"
"B","heads/face/m_08.png","1024×1024","顔","FACE_HAIR_SPEC.md","頭の形は全部の顔で同じ（f_01 / m_01 を下敷き）"
"B","heads/face/m_08_blink.png","1024×1024","顔の表情","FACE_HAIR_SPEC.md","頭の形は全部の顔で同じ（f_01 / m_01 を下敷き）"
"B","heads/face/m_08_happy.png","1024×1024","顔の表情","FACE_HAIR_SPEC.md","頭の形は全部の顔で同じ（f_01 / m_01 を下敷き）"
"B","heads/face/m_08_hurt.png","1024×1024","顔の表情","FACE_HAIR_SPEC.md","頭の形は全部の顔で同じ（f_01 / m_01 を下敷き）"
"B","heads/face/m_08_shout.png","1024×1024","顔の表情","FACE_HAIR_SPEC.md","頭の形は全部の顔で同じ（f_01 / m_01 を下敷き）"
"B","heads/face/m_09.png","1024×1024","顔","FACE_HAIR_SPEC.md","頭の形は全部の顔で同じ（f_01 / m_01 を下敷き）"
"B","heads/face/m_09_blink.png","1024×1024","顔の表情","FACE_HAIR_SPEC.md","頭の形は全部の顔で同じ（f_01 / m_01 を下敷き）"
"B","heads/face/m_09_happy.png","1024×1024","顔の表情","FACE_HAIR_SPEC.md","頭の形は全部の顔で同じ（f_01 / m_01 を下敷き）"
"B","heads/face/m_09_hurt.png","1024×1024","顔の表情","FACE_HAIR_SPEC.md","頭の形は全部の顔で同じ（f_01 / m_01 を下敷き）"
"B","heads/face/m_09_shout.png","1024×1024","顔の表情","FACE_HAIR_SPEC.md","頭の形は全部の顔で同じ（f_01 / m_01 を下敷き）"
"B","heads/face/m_10.png","1024×1024","顔","FACE_HAIR_SPEC.md","頭の形は全部の顔で同じ（f_01 / m_01 を下敷き）"
"B","heads/face/m_10_blink.png","1024×1024","顔の表情","FACE_HAIR_SPEC.md","頭の形は全部の顔で同じ（f_01 / m_01 を下敷き）"
"B","heads/face/m_10_happy.png","1024×1024","顔の表情","FACE_HAIR_SPEC.md","頭の形は全部の顔で同じ（f_01 / m_01 を下敷き）"
"B","heads/face/m_10_hurt.png","1024×1024","顔の表情","FACE_HAIR_SPEC.md","頭の形は全部の顔で同じ（f_01 / m_01 を下敷き）"
"B","heads/face/m_10_shout.png","1024×1024","顔の表情","FACE_HAIR_SPEC.md","頭の形は全部の顔で同じ（f_01 / m_01 を下敷き）"
"B","heads/face/m_don.png","1024×1024","顔","FACE_HAIR_SPEC.md","頭の形は全部の顔で同じ（f_01 / m_01 を下敷き）"
"B","heads/face/m_don_blink.png","1024×1024","顔の表情","FACE_HAIR_SPEC.md","頭の形は全部の顔で同じ（f_01 / m_01 を下敷き）"
"B","heads/face/m_don_happy.png","1024×1024","顔の表情","FACE_HAIR_SPEC.md","頭の形は全部の顔で同じ（f_01 / m_01 を下敷き）"
"B","heads/face/m_don_hurt.png","1024×1024","顔の表情","FACE_HAIR_SPEC.md","頭の形は全部の顔で同じ（f_01 / m_01 を下敷き）"
"B","heads/face/m_don_shout.png","1024×1024","顔の表情","FACE_HAIR_SPEC.md","頭の形は全部の顔で同じ（f_01 / m_01 を下敷き）"
"B","heads/face/m_o01.png","1024×1024","顔","FACE_HAIR_SPEC.md","頭の形は全部の顔で同じ（f_01 / m_01 を下敷き）"
"B","heads/face/m_o01_blink.png","1024×1024","顔の表情","FACE_HAIR_SPEC.md","頭の形は全部の顔で同じ（f_01 / m_01 を下敷き）"
"B","heads/face/m_o01_happy.png","1024×1024","顔の表情","FACE_HAIR_SPEC.md","頭の形は全部の顔で同じ（f_01 / m_01 を下敷き）"
"B","heads/face/m_o01_hurt.png","1024×1024","顔の表情","FACE_HAIR_SPEC.md","頭の形は全部の顔で同じ（f_01 / m_01 を下敷き）"
"B","heads/face/m_o01_shout.png","1024×1024","顔の表情","FACE_HAIR_SPEC.md","頭の形は全部の顔で同じ（f_01 / m_01 を下敷き）"
"B","heads/face/m_o02.png","1024×1024","顔","FACE_HAIR_SPEC.md","頭の形は全部の顔で同じ（f_01 / m_01 を下敷き）"
"B","heads/face/m_o02_blink.png","1024×1024","顔の表情","FACE_HAIR_SPEC.md","頭の形は全部の顔で同じ（f_01 / m_01 を下敷き）"
"B","heads/face/m_o02_happy.png","1024×1024","顔の表情","FACE_HAIR_SPEC.md","頭の形は全部の顔で同じ（f_01 / m_01 を下敷き）"
"B","heads/face/m_o02_hurt.png","1024×1024","顔の表情","FACE_HAIR_SPEC.md","頭の形は全部の顔で同じ（f_01 / m_01 を下敷き）"
"B","heads/face/m_o02_shout.png","1024×1024","顔の表情","FACE_HAIR_SPEC.md","頭の形は全部の顔で同じ（f_01 / m_01 を下敷き）"
"B","heads/face/m_v01.png","1024×1024","顔","FACE_HAIR_SPEC.md","頭の形は全部の顔で同じ（f_01 / m_01 を下敷き）"
"B","heads/face/m_v01_blink.png","1024×1024","顔の表情","FACE_HAIR_SPEC.md","頭の形は全部の顔で同じ（f_01 / m_01 を下敷き）"
"B","heads/face/m_v01_happy.png","1024×1024","顔の表情","FACE_HAIR_SPEC.md","頭の形は全部の顔で同じ（f_01 / m_01 を下敷き）"
"B","heads/face/m_v01_hurt.png","1024×1024","顔の表情","FACE_HAIR_SPEC.md","頭の形は全部の顔で同じ（f_01 / m_01 を下敷き）"
"B","heads/face/m_v01_shout.png","1024×1024","顔の表情","FACE_HAIR_SPEC.md","頭の形は全部の顔で同じ（f_01 / m_01 を下敷き）"
"B","heads/face/m_v02.png","1024×1024","顔","FACE_HAIR_SPEC.md","頭の形は全部の顔で同じ（f_01 / m_01 を下敷き）"
"B","heads/face/m_v02_blink.png","1024×1024","顔の表情","FACE_HAIR_SPEC.md","頭の形は全部の顔で同じ（f_01 / m_01 を下敷き）"
"B","heads/face/m_v02_happy.png","1024×1024","顔の表情","FACE_HAIR_SPEC.md","頭の形は全部の顔で同じ（f_01 / m_01 を下敷き）"
"B","heads/face/m_v02_hurt.png","1024×1024","顔の表情","FACE_HAIR_SPEC.md","頭の形は全部の顔で同じ（f_01 / m_01 を下敷き）"
"B","heads/face/m_v02_shout.png","1024×1024","顔の表情","FACE_HAIR_SPEC.md","頭の形は全部の顔で同じ（f_01 / m_01 を下敷き）"
"B","heads/face/m_v03.png","1024×1024","顔","FACE_HAIR_SPEC.md","頭の形は全部の顔で同じ（f_01 / m_01 を下敷き）"
"B","heads/face/m_v03_blink.png","1024×1024","顔の表情","FACE_HAIR_SPEC.md","頭の形は全部の顔で同じ（f_01 / m_01 を下敷き）"
"B","heads/face/m_v03_happy.png","1024×1024","顔の表情","FACE_HAIR_SPEC.md","頭の形は全部の顔で同じ（f_01 / m_01 を下敷き）"
"B","heads/face/m_v03_hurt.png","1024×1024","顔の表情","FACE_HAIR_SPEC.md","頭の形は全部の顔で同じ（f_01 / m_01 を下敷き）"
"B","heads/face/m_v03_shout.png","1024×1024","顔の表情","FACE_HAIR_SPEC.md","頭の形は全部の顔で同じ（f_01 / m_01 を下敷き）"
"B","heads/face/m_v04.png","1024×1024","顔","FACE_HAIR_SPEC.md","頭の形は全部の顔で同じ（f_01 / m_01 を下敷き）"
"B","heads/face/m_v04_blink.png","1024×1024","顔の表情","FACE_HAIR_SPEC.md","頭の形は全部の顔で同じ（f_01 / m_01 を下敷き）"
"B","heads/face/m_v04_happy.png","1024×1024","顔の表情","FACE_HAIR_SPEC.md","頭の形は全部の顔で同じ（f_01 / m_01 を下敷き）"
"B","heads/face/m_v04_hurt.png","1024×1024","顔の表情","FACE_HAIR_SPEC.md","頭の形は全部の顔で同じ（f_01 / m_01 を下敷き）"
"B","heads/face/m_v04_shout.png","1024×1024","顔の表情","FACE_HAIR_SPEC.md","頭の形は全部の顔で同じ（f_01 / m_01 を下敷き）"
"B","heads/face/m_v05.png","1024×1024","顔","FACE_HAIR_SPEC.md","頭の形は全部の顔で同じ（f_01 / m_01 を下敷き）"
"B","heads/face/m_v05_blink.png","1024×1024","顔の表情","FACE_HAIR_SPEC.md","頭の形は全部の顔で同じ（f_01 / m_01 を下敷き）"
"B","heads/face/m_v05_happy.png","1024×1024","顔の表情","FACE_HAIR_SPEC.md","頭の形は全部の顔で同じ（f_01 / m_01 を下敷き）"
"B","heads/face/m_v05_hurt.png","1024×1024","顔の表情","FACE_HAIR_SPEC.md","頭の形は全部の顔で同じ（f_01 / m_01 を下敷き）"
"B","heads/face/m_v05_shout.png","1024×1024","顔の表情","FACE_HAIR_SPEC.md","頭の形は全部の顔で同じ（f_01 / m_01 を下敷き）"
"B","heads/face/m_v06.png","1024×1024","顔","FACE_HAIR_SPEC.md","頭の形は全部の顔で同じ（f_01 / m_01 を下敷き）"
"B","heads/face/m_v06_blink.png","1024×1024","顔の表情","FACE_HAIR_SPEC.md","頭の形は全部の顔で同じ（f_01 / m_01 を下敷き）"
"B","heads/face/m_v06_happy.png","1024×1024","顔の表情","FACE_HAIR_SPEC.md","頭の形は全部の顔で同じ（f_01 / m_01 を下敷き）"
"B","heads/face/m_v06_hurt.png","1024×1024","顔の表情","FACE_HAIR_SPEC.md","頭の形は全部の顔で同じ（f_01 / m_01 を下敷き）"
"B","heads/face/m_v06_shout.png","1024×1024","顔の表情","FACE_HAIR_SPEC.md","頭の形は全部の顔で同じ（f_01 / m_01 を下敷き）"
"B","heads/hair/f_bob.png","1024×1024","前髪","FACE_HAIR_SPEC.md","基準色で塗る（髪の色はゲームが塗り替える）"
"B","heads/hair/f_bob_back.png","1024×1024","後ろ髪","FACE_HAIR_SPEC.md","基準色で塗る（髪の色はゲームが塗り替える）"
"B","heads/hair/f_bun.png","1024×1024","前髪","FACE_HAIR_SPEC.md","基準色で塗る（髪の色はゲームが塗り替える）"
"B","heads/hair/f_bun_back.png","1024×1024","後ろ髪","FACE_HAIR_SPEC.md","基準色で塗る（髪の色はゲームが塗り替える）"
"B","heads/hair/f_long.png","1024×1024","前髪","FACE_HAIR_SPEC.md","基準色で塗る（髪の色はゲームが塗り替える）"
"B","heads/hair/f_long_back.png","1024×1024","後ろ髪","FACE_HAIR_SPEC.md","基準色で塗る（髪の色はゲームが塗り替える）"
"B","heads/hair/f_ponytail.png","1024×1024","前髪","FACE_HAIR_SPEC.md","基準色で塗る（髪の色はゲームが塗り替える）"
"B","heads/hair/f_ponytail_back.png","1024×1024","後ろ髪","FACE_HAIR_SPEC.md","基準色で塗る（髪の色はゲームが塗り替える）"
"B","heads/hair/f_sidepart.png","1024×1024","前髪","FACE_HAIR_SPEC.md","基準色で塗る（髪の色はゲームが塗り替える）"
"B","heads/hair/f_sidepart_back.png","1024×1024","後ろ髪","FACE_HAIR_SPEC.md","基準色で塗る（髪の色はゲームが塗り替える）"
"B","heads/hair/f_twin.png","1024×1024","前髪","FACE_HAIR_SPEC.md","基準色で塗る（髪の色はゲームが塗り替える）"
"B","heads/hair/f_twin_back.png","1024×1024","後ろ髪","FACE_HAIR_SPEC.md","基準色で塗る（髪の色はゲームが塗り替える）"
"B","heads/hair/m_messy.png","1024×1024","前髪","FACE_HAIR_SPEC.md","基準色で塗る（髪の色はゲームが塗り替える）"
"B","heads/hair/m_messy_back.png","1024×1024","後ろ髪","FACE_HAIR_SPEC.md","基準色で塗る（髪の色はゲームが塗り替える）"
"B","heads/hair/m_short.png","1024×1024","前髪","FACE_HAIR_SPEC.md","基準色で塗る（髪の色はゲームが塗り替える）"
"B","heads/hair/m_short_back.png","1024×1024","後ろ髪","FACE_HAIR_SPEC.md","基準色で塗る（髪の色はゲームが塗り替える）"
"B","heads/hair/m_sidepart.png","1024×1024","前髪","FACE_HAIR_SPEC.md","基準色で塗る（髪の色はゲームが塗り替える）"
"B","heads/hair/m_sidepart_back.png","1024×1024","後ろ髪","FACE_HAIR_SPEC.md","基準色で塗る（髪の色はゲームが塗り替える）"
"B","heads/hair/m_slick.png","1024×1024","前髪","FACE_HAIR_SPEC.md","基準色で塗る（髪の色はゲームが塗り替える）"
"B","heads/hair/m_slick_back.png","1024×1024","後ろ髪","FACE_HAIR_SPEC.md","基準色で塗る（髪の色はゲームが塗り替える）"
"B","heads/hair/m_spiky.png","1024×1024","前髪","FACE_HAIR_SPEC.md","基準色で塗る（髪の色はゲームが塗り替える）"
"B","heads/hair/m_spiky_back.png","1024×1024","後ろ髪","FACE_HAIR_SPEC.md","基準色で塗る（髪の色はゲームが塗り替える）"
"B","heads/hair/m_undercut.png","1024×1024","前髪","FACE_HAIR_SPEC.md","基準色で塗る（髪の色はゲームが塗り替える）"
"B","heads/hair/m_undercut_back.png","1024×1024","後ろ髪","FACE_HAIR_SPEC.md","基準色で塗る（髪の色はゲームが塗り替える）"
"B","heads/hair/m_wolf.png","1024×1024","前髪","FACE_HAIR_SPEC.md","基準色で塗る（髪の色はゲームが塗り替える）"
"B","heads/hair/m_wolf_back.png","1024×1024","後ろ髪","FACE_HAIR_SPEC.md","基準色で塗る（髪の色はゲームが塗り替える）"
"B","rig/top/armorVest_f.png","1024×1024","服・装備（top）","HERO_PARTS_GUIDE.md（その装備の行の指示文）","素体に重ねてずれないこと"
"B","rig/top/armorVest_m.png","1024×1024","服・装備（top）","HERO_PARTS_GUIDE.md（その装備の行の指示文）","素体に重ねてずれないこと"
"B","rig/top/hawaiian_f.png","1024×1024","服・装備（top）","HERO_PARTS_GUIDE.md（その装備の行の指示文）","素体に重ねてずれないこと"
"B","rig/top/hawaiian_m.png","1024×1024","服・装備（top）","HERO_PARTS_GUIDE.md（その装備の行の指示文）","素体に重ねてずれないこと"
"B","rig/top/hoodie_f.png","1024×1024","服・装備（top）","HERO_PARTS_GUIDE.md（その装備の行の指示文）","素体に重ねてずれないこと"
"B","rig/top/hoodie_m.png","1024×1024","服・装備（top）","HERO_PARTS_GUIDE.md（その装備の行の指示文）","素体に重ねてずれないこと"
"B","rig/top/idolDress_f.png","1024×1024","服・装備（top）","HERO_PARTS_GUIDE.md（その装備の行の指示文）","素体に重ねてずれないこと"
"B","rig/top/idolDress_m.png","1024×1024","服・装備（top）","HERO_PARTS_GUIDE.md（その装備の行の指示文）","素体に重ねてずれないこと"
"B","rig/top/leatherJacket_f.png","1024×1024","服・装備（top）","HERO_PARTS_GUIDE.md（その装備の行の指示文）","素体に重ねてずれないこと"
"B","rig/top/leatherJacket_m.png","1024×1024","服・装備（top）","HERO_PARTS_GUIDE.md（その装備の行の指示文）","素体に重ねてずれないこと"
"B","rig/top/plainShirt_f.png","1024×1024","服・装備（top）","HERO_PARTS_GUIDE.md（その装備の行の指示文）","素体に重ねてずれないこと"
"B","rig/top/plainShirt_m.png","1024×1024","服・装備（top）","HERO_PARTS_GUIDE.md（その装備の行の指示文）","素体に重ねてずれないこと"
"B","rig/top/police_f.png","1024×1024","服・装備（top）","HERO_PARTS_GUIDE.md（その装備の行の指示文）","素体に重ねてずれないこと"
"B","rig/top/police_m.png","1024×1024","服・装備（top）","HERO_PARTS_GUIDE.md（その装備の行の指示文）","素体に重ねてずれないこと"
"B","rig/top/suit_f.png","1024×1024","服・装備（top）","HERO_PARTS_GUIDE.md（その装備の行の指示文）","素体に重ねてずれないこと"
"B","rig/top/suit_m.png","1024×1024","服・装備（top）","HERO_PARTS_GUIDE.md（その装備の行の指示文）","素体に重ねてずれないこと"
"B","rig/top/tank_f.png","1024×1024","服・装備（top）","HERO_PARTS_GUIDE.md（その装備の行の指示文）","素体に重ねてずれないこと"
"B","rig/top/tank_m.png","1024×1024","服・装備（top）","HERO_PARTS_GUIDE.md（その装備の行の指示文）","素体に重ねてずれないこと"
"B","rig/top/tracksuit_f.png","1024×1024","服・装備（top）","HERO_PARTS_GUIDE.md（その装備の行の指示文）","素体に重ねてずれないこと"
"B","rig/top/tracksuit_m.png","1024×1024","服・装備（top）","HERO_PARTS_GUIDE.md（その装備の行の指示文）","素体に重ねてずれないこと"
"B","rig/top/tshirt_f.png","1024×1024","服・装備（top）","HERO_PARTS_GUIDE.md（その装備の行の指示文）","素体に重ねてずれないこと"
"B","rig/top/tshirt_m.png","1024×1024","服・装備（top）","HERO_PARTS_GUIDE.md（その装備の行の指示文）","素体に重ねてずれないこと"
"B","rig/bottom/armorPants_f.png","1024×1024","服・装備（bottom）","HERO_PARTS_GUIDE.md（その装備の行の指示文）","素体に重ねてずれないこと"
"B","rig/bottom/armorPants_m.png","1024×1024","服・装備（bottom）","HERO_PARTS_GUIDE.md（その装備の行の指示文）","素体に重ねてずれないこと"
"B","rig/bottom/cargo_f.png","1024×1024","服・装備（bottom）","HERO_PARTS_GUIDE.md（その装備の行の指示文）","素体に重ねてずれないこと"
"B","rig/bottom/cargo_m.png","1024×1024","服・装備（bottom）","HERO_PARTS_GUIDE.md（その装備の行の指示文）","素体に重ねてずれないこと"
"B","rig/bottom/jeans_f.png","1024×1024","服・装備（bottom）","HERO_PARTS_GUIDE.md（その装備の行の指示文）","素体に重ねてずれないこと"
"B","rig/bottom/jeans_m.png","1024×1024","服・装備（bottom）","HERO_PARTS_GUIDE.md（その装備の行の指示文）","素体に重ねてずれないこと"
"B","rig/bottom/plainPants_f.png","1024×1024","服・装備（bottom）","HERO_PARTS_GUIDE.md（その装備の行の指示文）","素体に重ねてずれないこと"
"B","rig/bottom/plainPants_m.png","1024×1024","服・装備（bottom）","HERO_PARTS_GUIDE.md（その装備の行の指示文）","素体に重ねてずれないこと"
"B","rig/bottom/shorts_f.png","1024×1024","服・装備（bottom）","HERO_PARTS_GUIDE.md（その装備の行の指示文）","素体に重ねてずれないこと"
"B","rig/bottom/shorts_m.png","1024×1024","服・装備（bottom）","HERO_PARTS_GUIDE.md（その装備の行の指示文）","素体に重ねてずれないこと"
"B","rig/bottom/skirt_f.png","1024×1024","服・装備（bottom）","HERO_PARTS_GUIDE.md（その装備の行の指示文）","素体に重ねてずれないこと"
"B","rig/bottom/skirt_m.png","1024×1024","服・装備（bottom）","HERO_PARTS_GUIDE.md（その装備の行の指示文）","素体に重ねてずれないこと"
"B","rig/bottom/suitPants_f.png","1024×1024","服・装備（bottom）","HERO_PARTS_GUIDE.md（その装備の行の指示文）","素体に重ねてずれないこと"
"B","rig/bottom/suitPants_m.png","1024×1024","服・装備（bottom）","HERO_PARTS_GUIDE.md（その装備の行の指示文）","素体に重ねてずれないこと"
"B","rig/bottom/trackPants_f.png","1024×1024","服・装備（bottom）","HERO_PARTS_GUIDE.md（その装備の行の指示文）","素体に重ねてずれないこと"
"B","rig/bottom/trackPants_m.png","1024×1024","服・装備（bottom）","HERO_PARTS_GUIDE.md（その装備の行の指示文）","素体に重ねてずれないこと"
"B","rig/shoes/boots_f.png","1024×1024","服・装備（shoes）","HERO_PARTS_GUIDE.md（その装備の行の指示文）","素体に重ねてずれないこと"
"B","rig/shoes/boots_m.png","1024×1024","服・装備（shoes）","HERO_PARTS_GUIDE.md（その装備の行の指示文）","素体に重ねてずれないこと"
"B","rig/shoes/heels_f.png","1024×1024","服・装備（shoes）","HERO_PARTS_GUIDE.md（その装備の行の指示文）","素体に重ねてずれないこと"
"B","rig/shoes/heels_m.png","1024×1024","服・装備（shoes）","HERO_PARTS_GUIDE.md（その装備の行の指示文）","素体に重ねてずれないこと"
"B","rig/shoes/loafers_f.png","1024×1024","服・装備（shoes）","HERO_PARTS_GUIDE.md（その装備の行の指示文）","素体に重ねてずれないこと"
"B","rig/shoes/loafers_m.png","1024×1024","服・装備（shoes）","HERO_PARTS_GUIDE.md（その装備の行の指示文）","素体に重ねてずれないこと"
"B","rig/shoes/oldShoes_f.png","1024×1024","服・装備（shoes）","HERO_PARTS_GUIDE.md（その装備の行の指示文）","素体に重ねてずれないこと"
"B","rig/shoes/oldShoes_m.png","1024×1024","服・装備（shoes）","HERO_PARTS_GUIDE.md（その装備の行の指示文）","素体に重ねてずれないこと"
"B","rig/shoes/sandals_f.png","1024×1024","服・装備（shoes）","HERO_PARTS_GUIDE.md（その装備の行の指示文）","素体に重ねてずれないこと"
"B","rig/shoes/sandals_m.png","1024×1024","服・装備（shoes）","HERO_PARTS_GUIDE.md（その装備の行の指示文）","素体に重ねてずれないこと"
"B","rig/shoes/sneakers_f.png","1024×1024","服・装備（shoes）","HERO_PARTS_GUIDE.md（その装備の行の指示文）","素体に重ねてずれないこと"
"B","rig/shoes/sneakers_m.png","1024×1024","服・装備（shoes）","HERO_PARTS_GUIDE.md（その装備の行の指示文）","素体に重ねてずれないこと"
"B","rig/hat/bandana_f.png","1024×1024","服・装備（hat）","HERO_PARTS_GUIDE.md（その装備の行の指示文）","素体に重ねてずれないこと"
"B","rig/hat/bandana_m.png","1024×1024","服・装備（hat）","HERO_PARTS_GUIDE.md（その装備の行の指示文）","素体に重ねてずれないこと"
"B","rig/hat/beanie_f.png","1024×1024","服・装備（hat）","HERO_PARTS_GUIDE.md（その装備の行の指示文）","素体に重ねてずれないこと"
"B","rig/hat/beanie_m.png","1024×1024","服・装備（hat）","HERO_PARTS_GUIDE.md（その装備の行の指示文）","素体に重ねてずれないこと"
"B","rig/hat/cap_f.png","1024×1024","服・装備（hat）","HERO_PARTS_GUIDE.md（その装備の行の指示文）","素体に重ねてずれないこと"
"B","rig/hat/cap_m.png","1024×1024","服・装備（hat）","HERO_PARTS_GUIDE.md（その装備の行の指示文）","素体に重ねてずれないこと"
"B","rig/hat/catEars_f.png","1024×1024","服・装備（hat）","HERO_PARTS_GUIDE.md（その装備の行の指示文）","素体に重ねてずれないこと"
"B","rig/hat/catEars_m.png","1024×1024","服・装備（hat）","HERO_PARTS_GUIDE.md（その装備の行の指示文）","素体に重ねてずれないこと"
"B","rig/hat/cowboy_f.png","1024×1024","服・装備（hat）","HERO_PARTS_GUIDE.md（その装備の行の指示文）","素体に重ねてずれないこと"
"B","rig/hat/cowboy_m.png","1024×1024","服・装備（hat）","HERO_PARTS_GUIDE.md（その装備の行の指示文）","素体に重ねてずれないこと"
"B","rig/hat/crown_f.png","1024×1024","服・装備（hat）","HERO_PARTS_GUIDE.md（その装備の行の指示文）","素体に重ねてずれないこと"
"B","rig/hat/crown_m.png","1024×1024","服・装備（hat）","HERO_PARTS_GUIDE.md（その装備の行の指示文）","素体に重ねてずれないこと"
"B","rig/hat/headphones_f.png","1024×1024","服・装備（hat）","HERO_PARTS_GUIDE.md（その装備の行の指示文）","素体に重ねてずれないこと"
"B","rig/hat/headphones_m.png","1024×1024","服・装備（hat）","HERO_PARTS_GUIDE.md（その装備の行の指示文）","素体に重ねてずれないこと"
"B","rig/hat/helmet_f.png","1024×1024","服・装備（hat）","HERO_PARTS_GUIDE.md（その装備の行の指示文）","素体に重ねてずれないこと"
"B","rig/hat/helmet_m.png","1024×1024","服・装備（hat）","HERO_PARTS_GUIDE.md（その装備の行の指示文）","素体に重ねてずれないこと"
"B","rig/accessory/goldChain_f.png","1024×1024","服・装備（accessory）","HERO_PARTS_GUIDE.md（その装備の行の指示文）","素体に重ねてずれないこと"
"B","rig/accessory/goldChain_m.png","1024×1024","服・装備（accessory）","HERO_PARTS_GUIDE.md（その装備の行の指示文）","素体に重ねてずれないこと"
"B","rig/accessory/halo_f.png","1024×1024","服・装備（accessory）","HERO_PARTS_GUIDE.md（その装備の行の指示文）","素体に重ねてずれないこと"
"B","rig/accessory/halo_m.png","1024×1024","服・装備（accessory）","HERO_PARTS_GUIDE.md（その装備の行の指示文）","素体に重ねてずれないこと"
"B","rig/accessory/mask_f.png","1024×1024","服・装備（accessory）","HERO_PARTS_GUIDE.md（その装備の行の指示文）","素体に重ねてずれないこと"
"B","rig/accessory/mask_m.png","1024×1024","服・装備（accessory）","HERO_PARTS_GUIDE.md（その装備の行の指示文）","素体に重ねてずれないこと"
"B","rig/accessory/scarf_f.png","1024×1024","服・装備（accessory）","HERO_PARTS_GUIDE.md（その装備の行の指示文）","素体に重ねてずれないこと"
"B","rig/accessory/scarf_m.png","1024×1024","服・装備（accessory）","HERO_PARTS_GUIDE.md（その装備の行の指示文）","素体に重ねてずれないこと"
"B","rig/accessory/sunglasses_f.png","1024×1024","服・装備（accessory）","HERO_PARTS_GUIDE.md（その装備の行の指示文）","素体に重ねてずれないこと"
"B","rig/accessory/sunglasses_m.png","1024×1024","服・装備（accessory）","HERO_PARTS_GUIDE.md（その装備の行の指示文）","素体に重ねてずれないこと"
"B","rig/accessory/wings_f.png","1024×1024","服・装備（accessory）","HERO_PARTS_GUIDE.md（その装備の行の指示文）","素体に重ねてずれないこと"
"B","rig/accessory/wings_m.png","1024×1024","服・装備（accessory）","HERO_PARTS_GUIDE.md（その装備の行の指示文）","素体に重ねてずれないこと"
"B","rig/weapon/bat.png","1024×1024","服・装備（weapon）","HERO_PARTS_GUIDE.md（その装備の行の指示文）","武器の型紙 rig/layout_weapon.png"
"B","rig/weapon/guitar.png","1024×1024","服・装備（weapon）","HERO_PARTS_GUIDE.md（その装備の行の指示文）","武器の型紙 rig/layout_weapon.png"
"B","rig/weapon/katana.png","1024×1024","服・装備（weapon）","HERO_PARTS_GUIDE.md（その装備の行の指示文）","武器の型紙 rig/layout_weapon.png"
"B","rig/weapon/knife.png","1024×1024","服・装備（weapon）","HERO_PARTS_GUIDE.md（その装備の行の指示文）","武器の型紙 rig/layout_weapon.png"
"B","rig/weapon/neonSword.png","1024×1024","服・装備（weapon）","HERO_PARTS_GUIDE.md（その装備の行の指示文）","武器の型紙 rig/layout_weapon.png"
"B","rig/weapon/pistol.png","1024×1024","服・装備（weapon）","HERO_PARTS_GUIDE.md（その装備の行の指示文）","武器の型紙 rig/layout_weapon.png"
"B","rig/weapon/smg.png","1024×1024","服・装備（weapon）","HERO_PARTS_GUIDE.md（その装備の行の指示文）","武器の型紙 rig/layout_weapon.png"
"B","rig/weapon/staff.png","1024×1024","服・装備（weapon）","HERO_PARTS_GUIDE.md（その装備の行の指示文）","武器の型紙 rig/layout_weapon.png"
"B","rig/weapon/woodSword.png","1024×1024","服・装備（weapon）","HERO_PARTS_GUIDE.md（その装備の行の指示文）","武器の型紙 rig/layout_weapon.png"
"C","icons/equip/accessory_goldChain.png","256×256","装備のアイコン","CODEX_BATCH_03.md「装備のアイコン」","B 段の同じ装備の絵と形・色をそろえる（基準色で塗る）"
"C","icons/equip/accessory_halo.png","256×256","装備のアイコン","CODEX_BATCH_03.md「装備のアイコン」","B 段の同じ装備の絵と形・色をそろえる（基準色で塗る）"
"C","icons/equip/accessory_mask.png","256×256","装備のアイコン","CODEX_BATCH_03.md「装備のアイコン」","B 段の同じ装備の絵と形・色をそろえる（基準色で塗る）"
"C","icons/equip/accessory_scarf.png","256×256","装備のアイコン","CODEX_BATCH_03.md「装備のアイコン」","B 段の同じ装備の絵と形・色をそろえる（基準色で塗る）"
"C","icons/equip/accessory_sunglasses.png","256×256","装備のアイコン","CODEX_BATCH_03.md「装備のアイコン」","B 段の同じ装備の絵と形・色をそろえる（基準色で塗る）"
"C","icons/equip/accessory_wings.png","256×256","装備のアイコン","CODEX_BATCH_03.md「装備のアイコン」","B 段の同じ装備の絵と形・色をそろえる（基準色で塗る）"
"C","icons/equip/bottom_armorPants.png","256×256","装備のアイコン","CODEX_BATCH_03.md「装備のアイコン」","B 段の同じ装備の絵と形・色をそろえる（基準色で塗る）"
"C","icons/equip/bottom_cargo.png","256×256","装備のアイコン","CODEX_BATCH_03.md「装備のアイコン」","B 段の同じ装備の絵と形・色をそろえる（基準色で塗る）"
"C","icons/equip/bottom_jeans.png","256×256","装備のアイコン","CODEX_BATCH_03.md「装備のアイコン」","B 段の同じ装備の絵と形・色をそろえる（基準色で塗る）"
"C","icons/equip/bottom_plainPants.png","256×256","装備のアイコン","CODEX_BATCH_03.md「装備のアイコン」","B 段の同じ装備の絵と形・色をそろえる（基準色で塗る）"
"C","icons/equip/bottom_shorts.png","256×256","装備のアイコン","CODEX_BATCH_03.md「装備のアイコン」","B 段の同じ装備の絵と形・色をそろえる（基準色で塗る）"
"C","icons/equip/bottom_skirt.png","256×256","装備のアイコン","CODEX_BATCH_03.md「装備のアイコン」","B 段の同じ装備の絵と形・色をそろえる（基準色で塗る）"
"C","icons/equip/bottom_suitPants.png","256×256","装備のアイコン","CODEX_BATCH_03.md「装備のアイコン」","B 段の同じ装備の絵と形・色をそろえる（基準色で塗る）"
"C","icons/equip/bottom_trackPants.png","256×256","装備のアイコン","CODEX_BATCH_03.md「装備のアイコン」","B 段の同じ装備の絵と形・色をそろえる（基準色で塗る）"
"C","icons/equip/hat_bandana.png","256×256","装備のアイコン","CODEX_BATCH_03.md「装備のアイコン」","B 段の同じ装備の絵と形・色をそろえる（基準色で塗る）"
"C","icons/equip/hat_beanie.png","256×256","装備のアイコン","CODEX_BATCH_03.md「装備のアイコン」","B 段の同じ装備の絵と形・色をそろえる（基準色で塗る）"
"C","icons/equip/hat_cap.png","256×256","装備のアイコン","CODEX_BATCH_03.md「装備のアイコン」","B 段の同じ装備の絵と形・色をそろえる（基準色で塗る）"
"C","icons/equip/hat_catEars.png","256×256","装備のアイコン","CODEX_BATCH_03.md「装備のアイコン」","B 段の同じ装備の絵と形・色をそろえる（基準色で塗る）"
"C","icons/equip/hat_cowboy.png","256×256","装備のアイコン","CODEX_BATCH_03.md「装備のアイコン」","B 段の同じ装備の絵と形・色をそろえる（基準色で塗る）"
"C","icons/equip/hat_crown.png","256×256","装備のアイコン","CODEX_BATCH_03.md「装備のアイコン」","B 段の同じ装備の絵と形・色をそろえる（基準色で塗る）"
"C","icons/equip/hat_headphones.png","256×256","装備のアイコン","CODEX_BATCH_03.md「装備のアイコン」","B 段の同じ装備の絵と形・色をそろえる（基準色で塗る）"
"C","icons/equip/hat_helmet.png","256×256","装備のアイコン","CODEX_BATCH_03.md「装備のアイコン」","B 段の同じ装備の絵と形・色をそろえる（基準色で塗る）"
"C","icons/equip/shoes_boots.png","256×256","装備のアイコン","CODEX_BATCH_03.md「装備のアイコン」","B 段の同じ装備の絵と形・色をそろえる（基準色で塗る）"
"C","icons/equip/shoes_heels.png","256×256","装備のアイコン","CODEX_BATCH_03.md「装備のアイコン」","B 段の同じ装備の絵と形・色をそろえる（基準色で塗る）"
"C","icons/equip/shoes_loafers.png","256×256","装備のアイコン","CODEX_BATCH_03.md「装備のアイコン」","B 段の同じ装備の絵と形・色をそろえる（基準色で塗る）"
"C","icons/equip/shoes_oldShoes.png","256×256","装備のアイコン","CODEX_BATCH_03.md「装備のアイコン」","B 段の同じ装備の絵と形・色をそろえる（基準色で塗る）"
"C","icons/equip/shoes_sandals.png","256×256","装備のアイコン","CODEX_BATCH_03.md「装備のアイコン」","B 段の同じ装備の絵と形・色をそろえる（基準色で塗る）"
"C","icons/equip/shoes_sneakers.png","256×256","装備のアイコン","CODEX_BATCH_03.md「装備のアイコン」","B 段の同じ装備の絵と形・色をそろえる（基準色で塗る）"
"C","icons/equip/top_armorVest.png","256×256","装備のアイコン","CODEX_BATCH_03.md「装備のアイコン」","B 段の同じ装備の絵と形・色をそろえる（基準色で塗る）"
"C","icons/equip/top_hawaiian.png","256×256","装備のアイコン","CODEX_BATCH_03.md「装備のアイコン」","B 段の同じ装備の絵と形・色をそろえる（基準色で塗る）"
"C","icons/equip/top_hoodie.png","256×256","装備のアイコン","CODEX_BATCH_03.md「装備のアイコン」","B 段の同じ装備の絵と形・色をそろえる（基準色で塗る）"
"C","icons/equip/top_idolDress.png","256×256","装備のアイコン","CODEX_BATCH_03.md「装備のアイコン」","B 段の同じ装備の絵と形・色をそろえる（基準色で塗る）"
"C","icons/equip/top_leatherJacket.png","256×256","装備のアイコン","CODEX_BATCH_03.md「装備のアイコン」","B 段の同じ装備の絵と形・色をそろえる（基準色で塗る）"
"C","icons/equip/top_plainShirt.png","256×256","装備のアイコン","CODEX_BATCH_03.md「装備のアイコン」","B 段の同じ装備の絵と形・色をそろえる（基準色で塗る）"
"C","icons/equip/top_police.png","256×256","装備のアイコン","CODEX_BATCH_03.md「装備のアイコン」","B 段の同じ装備の絵と形・色をそろえる（基準色で塗る）"
"C","icons/equip/top_suit.png","256×256","装備のアイコン","CODEX_BATCH_03.md「装備のアイコン」","B 段の同じ装備の絵と形・色をそろえる（基準色で塗る）"
"C","icons/equip/top_tank.png","256×256","装備のアイコン","CODEX_BATCH_03.md「装備のアイコン」","B 段の同じ装備の絵と形・色をそろえる（基準色で塗る）"
"C","icons/equip/top_tracksuit.png","256×256","装備のアイコン","CODEX_BATCH_03.md「装備のアイコン」","B 段の同じ装備の絵と形・色をそろえる（基準色で塗る）"
"C","icons/equip/top_tshirt.png","256×256","装備のアイコン","CODEX_BATCH_03.md「装備のアイコン」","B 段の同じ装備の絵と形・色をそろえる（基準色で塗る）"
"C","icons/equip/weapon_bat.png","256×256","装備のアイコン","CODEX_BATCH_03.md「装備のアイコン」","B 段の同じ装備の絵と形・色をそろえる（基準色で塗る）"
"C","icons/equip/weapon_guitar.png","256×256","装備のアイコン","CODEX_BATCH_03.md「装備のアイコン」","B 段の同じ装備の絵と形・色をそろえる（基準色で塗る）"
"C","icons/equip/weapon_katana.png","256×256","装備のアイコン","CODEX_BATCH_03.md「装備のアイコン」","B 段の同じ装備の絵と形・色をそろえる（基準色で塗る）"
"C","icons/equip/weapon_knife.png","256×256","装備のアイコン","CODEX_BATCH_03.md「装備のアイコン」","B 段の同じ装備の絵と形・色をそろえる（基準色で塗る）"
"C","icons/equip/weapon_neonSword.png","256×256","装備のアイコン","CODEX_BATCH_03.md「装備のアイコン」","B 段の同じ装備の絵と形・色をそろえる（基準色で塗る）"
"C","icons/equip/weapon_pistol.png","256×256","装備のアイコン","CODEX_BATCH_03.md「装備のアイコン」","B 段の同じ装備の絵と形・色をそろえる（基準色で塗る）"
"C","icons/equip/weapon_smg.png","256×256","装備のアイコン","CODEX_BATCH_03.md「装備のアイコン」","B 段の同じ装備の絵と形・色をそろえる（基準色で塗る）"
"C","icons/equip/weapon_staff.png","256×256","装備のアイコン","CODEX_BATCH_03.md「装備のアイコン」","B 段の同じ装備の絵と形・色をそろえる（基準色で塗る）"
"C","icons/equip/weapon_woodSword.png","256×256","装備のアイコン","CODEX_BATCH_03.md「装備のアイコン」","B 段の同じ装備の絵と形・色をそろえる（基準色で塗る）"
"D","rig/top/hawaiian__ff7fb0_f.png","1024×1024","値札つきアロハ（♀が着た形）: 値札が付いたまま。$19.99（税抜）。","HERO_PARTS_GUIDE.md の top/hawaiian_f の型紙","枠は hawaiian と同じ。形は「値札つきアロハ」そのもの"
"D","rig/top/hawaiian__ff7fb0_m.png","1024×1024","値札つきアロハ（♂が着た形）: 値札が付いたまま。$19.99（税抜）。","HERO_PARTS_GUIDE.md の top/hawaiian_m の型紙","枠は hawaiian と同じ。形は「値札つきアロハ」そのもの"
"D","icons/equip/cos_tourist_aloha.png","256×256","値札つきアロハのアイコン","CODEX_BATCH_03.md「装備のアイコン」","色替えしないので、そのアイテムの色で描く"
"D","rig/shoes/sandals__4da6ff_f.png","1024×1024","公衆トイレのスリッパ（♀が着た形）: 「便所」と書いてある。返しに行くタイミングを失った。","HERO_PARTS_GUIDE.md の shoes/sandals_f の型紙","枠は sandals と同じ。形は「公衆トイレのスリッパ」そのもの"
"D","rig/shoes/sandals__4da6ff_m.png","1024×1024","公衆トイレのスリッパ（♂が着た形）: 「便所」と書いてある。返しに行くタイミングを失った。","HERO_PARTS_GUIDE.md の shoes/sandals_m の型紙","枠は sandals と同じ。形は「公衆トイレのスリッパ」そのもの"
"D","icons/equip/cos_toilet_slippers.png","256×256","公衆トイレのスリッパのアイコン","CODEX_BATCH_03.md「装備のアイコン」","色替えしないので、そのアイテムの色で描く"
"D","rig/hat/helmet__ffe135_f.png","1024×1024","バナナのヘルメット（♀が着た形）: 安全第一。カモメが寄ってくるのが難点。","HERO_PARTS_GUIDE.md の hat/helmet_f の型紙","枠は helmet と同じ。形は「バナナのヘルメット」そのもの"
"D","rig/hat/helmet__ffe135_m.png","1024×1024","バナナのヘルメット（♂が着た形）: 安全第一。カモメが寄ってくるのが難点。","HERO_PARTS_GUIDE.md の hat/helmet_m の型紙","枠は helmet と同じ。形は「バナナのヘルメット」そのもの"
"D","icons/equip/cos_banana_helmet.png","256×256","バナナのヘルメットのアイコン","CODEX_BATCH_03.md「装備のアイコン」","色替えしないので、そのアイテムの色で描く"
"D","rig/hat/crown__f4f4f4_f.png","1024×1024","カモメ王の紙の王冠（♀が着た形）: ポップコーンの箱で作った王冠。カモメには大人気。","HERO_PARTS_GUIDE.md の hat/crown_f の型紙","枠は crown と同じ。形は「カモメ王の紙の王冠」そのもの"
"D","rig/hat/crown__f4f4f4_m.png","1024×1024","カモメ王の紙の王冠（♂が着た形）: ポップコーンの箱で作った王冠。カモメには大人気。","HERO_PARTS_GUIDE.md の hat/crown_m の型紙","枠は crown と同じ。形は「カモメ王の紙の王冠」そのもの"
"D","icons/equip/cos_paper_crown.png","256×256","カモメ王の紙の王冠のアイコン","CODEX_BATCH_03.md「装備のアイコン」","色替えしないので、そのアイテムの色で描く"
"D","rig/accessory/sunglasses__1a1a24_f.png","1024×1024","鼻メガネ（♀が着た形）: 眉毛と鼻とヒゲがついている。誰も正体に気づかない（気づいている）。","HERO_PARTS_GUIDE.md の accessory/sunglasses_f の型紙","枠は sunglasses と同じ。形は「鼻メガネ」そのもの"
"D","rig/accessory/sunglasses__1a1a24_m.png","1024×1024","鼻メガネ（♂が着た形）: 眉毛と鼻とヒゲがついている。誰も正体に気づかない（気づいている）。","HERO_PARTS_GUIDE.md の accessory/sunglasses_m の型紙","枠は sunglasses と同じ。形は「鼻メガネ」そのもの"
"D","icons/equip/cos_groucho_glasses.png","256×256","鼻メガネのアイコン","CODEX_BATCH_03.md「装備のアイコン」","色替えしないので、そのアイテムの色で描く"
"D","rig/top/tshirt__16161e_f.png","1024×1024","タキシード柄Tシャツ（♀が着た形）: これで正装。ドレスコードを突破できる（できない）。","HERO_PARTS_GUIDE.md の top/tshirt_f の型紙","枠は tshirt と同じ。形は「タキシード柄Tシャツ」そのもの"
"D","rig/top/tshirt__16161e_m.png","1024×1024","タキシード柄Tシャツ（♂が着た形）: これで正装。ドレスコードを突破できる（できない）。","HERO_PARTS_GUIDE.md の top/tshirt_m の型紙","枠は tshirt と同じ。形は「タキシード柄Tシャツ」そのもの"
"D","icons/equip/cos_tuxedo_tshirt.png","256×256","タキシード柄Tシャツのアイコン","CODEX_BATCH_03.md「装備のアイコン」","色替えしないので、そのアイテムの色で描く"
"D","rig/shoes/loafers__ff3b3b_f.png","1024×1024","ピエロの靴（♀が着た形）: 一歩ごとに「ぷぴっ」と鳴る。忍び足は無理。","HERO_PARTS_GUIDE.md の shoes/loafers_f の型紙","枠は loafers と同じ。形は「ピエロの靴」そのもの"
"D","rig/shoes/loafers__ff3b3b_m.png","1024×1024","ピエロの靴（♂が着た形）: 一歩ごとに「ぷぴっ」と鳴る。忍び足は無理。","HERO_PARTS_GUIDE.md の shoes/loafers_m の型紙","枠は loafers と同じ。形は「ピエロの靴」そのもの"
"D","icons/equip/cos_clown_shoes.png","256×256","ピエロの靴のアイコン","CODEX_BATCH_03.md「装備のアイコン」","色替えしないので、そのアイテムの色で描く"
"D","rig/weapon/katana__ff6fb5.png","1024×1024","ゴム製の剣（武器・手に持った形）: パントマイム用。斬ると「ぼよん」と曲がる。","HERO_PARTS_GUIDE.md の weapon/katana の型紙","形は「ゴム製の剣」そのもの。持つ位置（支点）は katana と同じ"
"D","icons/equip/cos_rubber_sword.png","256×256","ゴム製の剣のアイコン","CODEX_BATCH_03.md「装備のアイコン」","色替えしないので、そのアイテムの色で描く"
"D","rig/top/hoodie__f4f4f4_f.png","1024×1024","ホテルのバスローブ（♀が着た形）: ポケットにホテルの石けん。湯上がり気分で戦う。","HERO_PARTS_GUIDE.md の top/hoodie_f の型紙","枠は hoodie と同じ。形は「ホテルのバスローブ」そのもの"
"D","rig/top/hoodie__f4f4f4_m.png","1024×1024","ホテルのバスローブ（♂が着た形）: ポケットにホテルの石けん。湯上がり気分で戦う。","HERO_PARTS_GUIDE.md の top/hoodie_m の型紙","枠は hoodie と同じ。形は「ホテルのバスローブ」そのもの"
"D","icons/equip/cos_bathrobe.png","256×256","ホテルのバスローブのアイコン","CODEX_BATCH_03.md「装備のアイコン」","色替えしないので、そのアイテムの色で描く"
"D","rig/weapon/pistol__3dc8ff.png","1024×1024","水鉄砲 ポンプアクション（武器・手に持った形）: 中身は水。夏の思い出しか撃ち抜けない。","HERO_PARTS_GUIDE.md の weapon/pistol の型紙","形は「水鉄砲 ポンプアクション」そのもの。持つ位置（支点）は pistol と同じ"
"D","icons/equip/cos_water_gun.png","256×256","水鉄砲 ポンプアクションのアイコン","CODEX_BATCH_03.md「装備のアイコン」","色替えしないので、そのアイテムの色で描く"
"D","rig/accessory/halo__ff8a3d_f.png","1024×1024","浮き輪ヘイロー（♀が着た形）: 頭の上でぷかぷか浮いている。溺れはしない。","HERO_PARTS_GUIDE.md の accessory/halo_f の型紙","枠は halo と同じ。形は「浮き輪ヘイロー」そのもの"
"D","rig/accessory/halo__ff8a3d_m.png","1024×1024","浮き輪ヘイロー（♂が着た形）: 頭の上でぷかぷか浮いている。溺れはしない。","HERO_PARTS_GUIDE.md の accessory/halo_m の型紙","枠は halo と同じ。形は「浮き輪ヘイロー」そのもの"
"D","icons/equip/cos_swim_ring.png","256×256","浮き輪ヘイローのアイコン","CODEX_BATCH_03.md「装備のアイコン」","色替えしないので、そのアイテムの色で描く"
"D","rig/accessory/wings__bff6ff_f.png","1024×1024","シャボン玉の翼（♀が着た形）: 七色に光る。そして三秒ごとに割れて生え直す。","HERO_PARTS_GUIDE.md の accessory/wings_f の型紙","枠は wings と同じ。形は「シャボン玉の翼」そのもの"
"D","rig/accessory/wings__bff6ff_m.png","1024×1024","シャボン玉の翼（♂が着た形）: 七色に光る。そして三秒ごとに割れて生え直す。","HERO_PARTS_GUIDE.md の accessory/wings_m の型紙","枠は wings と同じ。形は「シャボン玉の翼」そのもの"
"D","icons/equip/cos_bubble_wings.png","256×256","シャボン玉の翼のアイコン","CODEX_BATCH_03.md「装備のアイコン」","色替えしないので、そのアイテムの色で描く"
"D","rig/hat/crown__5cff9a_f.png","1024×1024","カエルの王冠（♀が着た形）: 呪いで王子にされたカエルの冠…らしい。ゲコッ。","HERO_PARTS_GUIDE.md の hat/crown_f の型紙","枠は crown と同じ。形は「カエルの王冠」そのもの"
"D","rig/hat/crown__5cff9a_m.png","1024×1024","カエルの王冠（♂が着た形）: 呪いで王子にされたカエルの冠…らしい。ゲコッ。","HERO_PARTS_GUIDE.md の hat/crown_m の型紙","枠は crown と同じ。形は「カエルの王冠」そのもの"
"D","icons/equip/cos_frog_crown.png","256×256","カエルの王冠のアイコン","CODEX_BATCH_03.md「装備のアイコン」","色替えしないので、そのアイテムの色で描く"
"D","rig/shoes/sandals__3f8f3a_f.png","1024×1024","ワニのスリッパ（♀が着た形）: つま先がワニの顔。たまに噛む（気がする）。","HERO_PARTS_GUIDE.md の shoes/sandals_f の型紙","枠は sandals と同じ。形は「ワニのスリッパ」そのもの"
"D","rig/shoes/sandals__3f8f3a_m.png","1024×1024","ワニのスリッパ（♂が着た形）: つま先がワニの顔。たまに噛む（気がする）。","HERO_PARTS_GUIDE.md の shoes/sandals_m の型紙","枠は sandals と同じ。形は「ワニのスリッパ」そのもの"
"D","icons/equip/cos_gator_slippers.png","256×256","ワニのスリッパのアイコン","CODEX_BATCH_03.md「装備のアイコン」","色替えしないので、そのアイテムの色で描く"
"D","rig/accessory/wings__cfe8d8_f.png","1024×1024","ヌマカの羽（♀が着た形）: 耳元で「プーン」と鳴る。嫌われる。","HERO_PARTS_GUIDE.md の accessory/wings_f の型紙","枠は wings と同じ。形は「ヌマカの羽」そのもの"
"D","rig/accessory/wings__cfe8d8_m.png","1024×1024","ヌマカの羽（♂が着た形）: 耳元で「プーン」と鳴る。嫌われる。","HERO_PARTS_GUIDE.md の accessory/wings_m の型紙","枠は wings と同じ。形は「ヌマカの羽」そのもの"
"D","icons/equip/cos_mosquito_wings.png","256×256","ヌマカの羽のアイコン","CODEX_BATCH_03.md「装備のアイコン」","色替えしないので、そのアイテムの色で描く"
"D","rig/bottom/shorts__ff8a00_f.png","1024×1024","王子のかぼちゃパンツ（♀が着た形）: ふくらみ具合が王族の証。","HERO_PARTS_GUIDE.md の bottom/shorts_f の型紙","枠は shorts と同じ。形は「王子のかぼちゃパンツ」そのもの"
"D","rig/bottom/shorts__ff8a00_m.png","1024×1024","王子のかぼちゃパンツ（♂が着た形）: ふくらみ具合が王族の証。","HERO_PARTS_GUIDE.md の bottom/shorts_m の型紙","枠は shorts と同じ。形は「王子のかぼちゃパンツ」そのもの"
"D","icons/equip/cos_pumpkin_shorts.png","256×256","王子のかぼちゃパンツのアイコン","CODEX_BATCH_03.md「装備のアイコン」","色替えしないので、そのアイテムの色で描く"
"D","rig/weapon/staff__62f79c.png","1024×1024","王家の笏（ネギ）（武器・手に持った形）: どう見てもネギ。風邪のときは首に巻く。","HERO_PARTS_GUIDE.md の weapon/staff の型紙","形は「王家の笏（ネギ）」そのもの。持つ位置（支点）は staff と同じ"
"D","icons/equip/cos_leek.png","256×256","王家の笏（ネギ）のアイコン","CODEX_BATCH_03.md「装備のアイコン」","色替えしないので、そのアイテムの色で描く"
"D","rig/accessory/sunglasses__ffd23f_f.png","1024×1024","もみあげ付きサングラス（♀が着た形）: かけると「サンキュー、ベリーマッチ」と言いたくなる。","HERO_PARTS_GUIDE.md の accessory/sunglasses_f の型紙","枠は sunglasses と同じ。形は「もみあげ付きサングラス」そのもの"
"D","rig/accessory/sunglasses__ffd23f_m.png","1024×1024","もみあげ付きサングラス（♂が着た形）: かけると「サンキュー、ベリーマッチ」と言いたくなる。","HERO_PARTS_GUIDE.md の accessory/sunglasses_m の型紙","枠は sunglasses と同じ。形は「もみあげ付きサングラス」そのもの"
"D","icons/equip/cos_sideburn_shades.png","256×256","もみあげ付きサングラスのアイコン","CODEX_BATCH_03.md「装備のアイコン」","色替えしないので、そのアイテムの色で描く"
"D","rig/top/suit__f4f4f4_f.png","1024×1024","キングの白いジャンプスーツ（♀が着た形）: 肩パッド入り。マントは別売り。","HERO_PARTS_GUIDE.md の top/suit_f の型紙","枠は suit と同じ。形は「キングの白いジャンプスーツ」そのもの"
"D","rig/top/suit__f4f4f4_m.png","1024×1024","キングの白いジャンプスーツ（♂が着た形）: 肩パッド入り。マントは別売り。","HERO_PARTS_GUIDE.md の top/suit_m の型紙","枠は suit と同じ。形は「キングの白いジャンプスーツ」そのもの"
"D","icons/equip/cos_gold_jumpsuit.png","256×256","キングの白いジャンプスーツのアイコン","CODEX_BATCH_03.md「装備のアイコン」","色替えしないので、そのアイテムの色で描く"
"D","rig/weapon/guitar__d9a35a.png","1024×1024","ウクレレ（武器・手に持った形）: 鈍器にしては小さすぎる。音色は癒し系。","HERO_PARTS_GUIDE.md の weapon/guitar の型紙","形は「ウクレレ」そのもの。持つ位置（支点）は guitar と同じ"
"D","icons/equip/cos_ukulele.png","256×256","ウクレレのアイコン","CODEX_BATCH_03.md「装備のアイコン」","色替えしないので、そのアイテムの色で描く"
"D","rig/accessory/scarf__ffffff_f.png","1024×1024","「店長」と書いたたすき（♀が着た形）: コンビニ「ヴァイスマート」の店長の証。責任感だけは本物。","HERO_PARTS_GUIDE.md の accessory/scarf_f の型紙","枠は scarf と同じ。形は「「店長」と書いたたすき」そのもの"
"D","rig/accessory/scarf__ffffff_m.png","1024×1024","「店長」と書いたたすき（♂が着た形）: コンビニ「ヴァイスマート」の店長の証。責任感だけは本物。","HERO_PARTS_GUIDE.md の accessory/scarf_m の型紙","枠は scarf と同じ。形は「「店長」と書いたたすき」そのもの"
"D","icons/equip/cos_manager_sash.png","256×256","「店長」と書いたたすきのアイコン","CODEX_BATCH_03.md「装備のアイコン」","色替えしないので、そのアイテムの色で描く"
"D","rig/top/tracksuit__ff2fd0_f.png","1024×1024","蛍光ピンクのジャージ（♀が着た形）: 夜道で絶対に見失われない。むしろ目立ちすぎる。","HERO_PARTS_GUIDE.md の top/tracksuit_f の型紙","枠は tracksuit と同じ。形は「蛍光ピンクのジャージ」そのもの"
"D","rig/top/tracksuit__ff2fd0_m.png","1024×1024","蛍光ピンクのジャージ（♂が着た形）: 夜道で絶対に見失われない。むしろ目立ちすぎる。","HERO_PARTS_GUIDE.md の top/tracksuit_m の型紙","枠は tracksuit と同じ。形は「蛍光ピンクのジャージ」そのもの"
"D","icons/equip/cos_pink_jersey.png","256×256","蛍光ピンクのジャージのアイコン","CODEX_BATCH_03.md「装備のアイコン」","色替えしないので、そのアイテムの色で描く"
"D","rig/bottom/trackPants__ff2fd0_f.png","1024×1024","蛍光ピンクのジャージ（下）（♀が着た形）: 上とセットで着ると、遠くからでも人だとわかる。","HERO_PARTS_GUIDE.md の bottom/trackPants_f の型紙","枠は trackPants と同じ。形は「蛍光ピンクのジャージ（下）」そのもの"
"D","rig/bottom/trackPants__ff2fd0_m.png","1024×1024","蛍光ピンクのジャージ（下）（♂が着た形）: 上とセットで着ると、遠くからでも人だとわかる。","HERO_PARTS_GUIDE.md の bottom/trackPants_m の型紙","枠は trackPants と同じ。形は「蛍光ピンクのジャージ（下）」そのもの"
"D","icons/equip/cos_pink_jersey_pants.png","256×256","蛍光ピンクのジャージ（下）のアイコン","CODEX_BATCH_03.md「装備のアイコン」","色替えしないので、そのアイテムの色で描く"
"D","rig/top/armorVest__c49a6c_f.png","1024×1024","段ボールの鎧（♀が着た形）: 「こわれもの注意」のシールつき。雨の日は着ないこと。","HERO_PARTS_GUIDE.md の top/armorVest_f の型紙","枠は armorVest と同じ。形は「段ボールの鎧」そのもの"
"D","rig/top/armorVest__c49a6c_m.png","1024×1024","段ボールの鎧（♂が着た形）: 「こわれもの注意」のシールつき。雨の日は着ないこと。","HERO_PARTS_GUIDE.md の top/armorVest_m の型紙","枠は armorVest と同じ。形は「段ボールの鎧」そのもの"
"D","icons/equip/cos_cardboard_armor.png","256×256","段ボールの鎧のアイコン","CODEX_BATCH_03.md「装備のアイコン」","色替えしないので、そのアイテムの色で描く"
"D","rig/accessory/halo__ff9ad5_f.png","1024×1024","ドーナツの輪（♀が着た形）: チョコスプレーつき。食べると天使ではなくなる。","HERO_PARTS_GUIDE.md の accessory/halo_f の型紙","枠は halo と同じ。形は「ドーナツの輪」そのもの"
"D","rig/accessory/halo__ff9ad5_m.png","1024×1024","ドーナツの輪（♂が着た形）: チョコスプレーつき。食べると天使ではなくなる。","HERO_PARTS_GUIDE.md の accessory/halo_m の型紙","枠は halo と同じ。形は「ドーナツの輪」そのもの"
"D","icons/equip/cos_donut_halo.png","256×256","ドーナツの輪のアイコン","CODEX_BATCH_03.md「装備のアイコン」","色替えしないので、そのアイテムの色で描く"
"D","rig/hat/beanie__d8dde6_f.png","1024×1024","アルミホイルの帽子（♀が着た形）: 電波と宇宙人の思念を防ぐ（と信じられている）。","HERO_PARTS_GUIDE.md の hat/beanie_f の型紙","枠は beanie と同じ。形は「アルミホイルの帽子」そのもの"
"D","rig/hat/beanie__d8dde6_m.png","1024×1024","アルミホイルの帽子（♂が着た形）: 電波と宇宙人の思念を防ぐ（と信じられている）。","HERO_PARTS_GUIDE.md の hat/beanie_m の型紙","枠は beanie と同じ。形は「アルミホイルの帽子」そのもの"
"D","icons/equip/cos_tinfoil_hat.png","256×256","アルミホイルの帽子のアイコン","CODEX_BATCH_03.md「装備のアイコン」","色替えしないので、そのアイテムの色で描く"
"D","rig/hat/headphones__c9ccd6_f.png","1024×1024","アンテナつきヘッドホン（♀が着た形）: UFO の電波を受信する…はず。今のところ演歌しか入らない。","HERO_PARTS_GUIDE.md の hat/headphones_f の型紙","枠は headphones と同じ。形は「アンテナつきヘッドホン」そのもの"
"D","rig/hat/headphones__c9ccd6_m.png","1024×1024","アンテナつきヘッドホン（♂が着た形）: UFO の電波を受信する…はず。今のところ演歌しか入らない。","HERO_PARTS_GUIDE.md の hat/headphones_m の型紙","枠は headphones と同じ。形は「アンテナつきヘッドホン」そのもの"
"D","icons/equip/cos_antenna_headphones.png","256×256","アンテナつきヘッドホンのアイコン","CODEX_BATCH_03.md「装備のアイコン」","色替えしないので、そのアイテムの色で描く"
"D","rig/weapon/bat__5a7fa8.png","1024×1024","冷凍マグロ（武器・手に持った形）: 宇宙人へのお供え物。カチカチで、ちょっと生臭い。","HERO_PARTS_GUIDE.md の weapon/bat の型紙","形は「冷凍マグロ」そのもの。持つ位置（支点）は bat と同じ"
"D","icons/equip/cos_frozen_tuna.png","256×256","冷凍マグロのアイコン","CODEX_BATCH_03.md「装備のアイコン」","色替えしないので、そのアイテムの色で描く"
"D","rig/accessory/mask__5cff9a_f.png","1024×1024","宇宙人のお面（♀が着た形）: 縁日で買った。本物の宇宙人に見せたら怒られた。","HERO_PARTS_GUIDE.md の accessory/mask_f の型紙","枠は mask と同じ。形は「宇宙人のお面」そのもの"
"D","rig/accessory/mask__5cff9a_m.png","1024×1024","宇宙人のお面（♂が着た形）: 縁日で買った。本物の宇宙人に見せたら怒られた。","HERO_PARTS_GUIDE.md の accessory/mask_m の型紙","枠は mask と同じ。形は「宇宙人のお面」そのもの"
"D","icons/equip/cos_alien_mask.png","256×256","宇宙人のお面のアイコン","CODEX_BATCH_03.md「装備のアイコン」","色替えしないので、そのアイテムの色で描く"
"D","rig/weapon/woodSword__d9a35a.png","1024×1024","バゲット・ソード（武器・手に持った形）: 焼きたて。三日たつと本当に剣になる。","HERO_PARTS_GUIDE.md の weapon/woodSword の型紙","形は「バゲット・ソード」そのもの。持つ位置（支点）は woodSword と同じ"
"D","icons/equip/cos_baguette.png","256×256","バゲット・ソードのアイコン","CODEX_BATCH_03.md「装備のアイコン」","色替えしないので、そのアイテムの色で描く"
"D","rig/weapon/staff__ff3dd2.png","1024×1024","自撮り棒（武器・手に持った形）: 映えのための杖。魔力はゼロ、いいね数は無限。","HERO_PARTS_GUIDE.md の weapon/staff の型紙","形は「自撮り棒」そのもの。持つ位置（支点）は staff と同じ"
"D","icons/equip/cos_selfie_stick.png","256×256","自撮り棒のアイコン","CODEX_BATCH_03.md「装備のアイコン」","色替えしないので、そのアイテムの色で描く"
"D","rig/accessory/halo__c9ccd6_f.png","1024×1024","手作りUFOの輪（♀が着た形）: フライパン二枚を貼り合わせた。たまに回る。","HERO_PARTS_GUIDE.md の accessory/halo_f の型紙","枠は halo と同じ。形は「手作りUFOの輪」そのもの"
"D","rig/accessory/halo__c9ccd6_m.png","1024×1024","手作りUFOの輪（♂が着た形）: フライパン二枚を貼り合わせた。たまに回る。","HERO_PARTS_GUIDE.md の accessory/halo_m の型紙","枠は halo と同じ。形は「手作りUFOの輪」そのもの"
"D","icons/equip/cos_ufo_halo.png","256×256","手作りUFOの輪のアイコン","CODEX_BATCH_03.md「装備のアイコン」","色替えしないので、そのアイテムの色で描く"
